,propNormal,operatingError,reportingError
72,0.1,0.8675647236346308,0.8427486724715247
288,0.5,0.4054652217936915,0.4999095273983042
504,0.1,0.8490890589550039,0.8475458853053912
720,0.5,0.400083538543628,0.4828781151809438
936,0.1,0.8565763939847361,0.8365154449456853
1152,0.5,0.4060222519314502,0.4714778591777563
1368,0.1,0.8549387675389835,0.840857292153114
1584,0.5,0.3951163897704003,0.4863145349030206
1800,0.1,0.8658784307680327,0.8461446423237788
2016,0.5,0.3979906425464371,0.5053267708884114
2232,0.1,0.8570055108404457,0.8521073091321989
2448,0.5,0.4044362746059221,0.5040602322768427
2664,0.1,0.8625037009206713,0.8485967781537345
2880,0.5,0.4150190721906147,0.5027810519644306
3096,0.1,0.8693098814683209,0.8472605392799687
3312,0.5,0.3935612978875046,0.4969412565185795
3528,0.1,0.85727801703507,0.8451854663012103
3744,0.5,0.4107524255700633,0.5068493951117363
3960,0.1,0.8589619802059388,0.8386134626296726
4176,0.5,0.4144693809740979,0.4973504550843154
4392,0.1,0.857857118797061,0.8223192924825359
4608,0.5,0.4153493252191625,0.5021882902717298
4824,0.1,0.8628880283907969,0.8363092546908546
5040,0.5,0.4026585835944962,0.4853046292501325
5256,0.1,0.8553537906388395,0.8346644296685848
5472,0.5,0.4128151390889752,0.5159467358452094
5688,0.1,0.8546210781869367,0.8321420050653137
5904,0.5,0.401093490517944,0.5078097102085727
6120,0.1,0.8565653287179485,0.8338882567843281
6336,0.5,0.4084866785572117,0.4907523615462355
6552,0.1,0.8567711526309334,0.8258318701924321
6768,0.5,0.4040733734182293,0.494561734470401
6984,0.1,0.8609116102475914,0.8273974811712786
7200,0.5,0.4144177752365929,0.4956133961372074
7416,0.1,0.8545979190556957,0.8420081910221103
7632,0.5,0.4090037427378174,0.4951093435477813
7848,0.1,0.8671760205632317,0.8239261277465759
8064,0.5,0.4081769084771436,0.4909090890452595
8280,0.1,0.853912247534984,0.8408462058188908
8496,0.5,0.4130451041706851,0.489139392956483
8712,0.1,0.8498654957004921,0.8426349079755184
8928,0.5,0.4125830317819974,0.4896984038830685
9144,0.1,0.8674148891501726,0.8382689670078171
9360,0.5,0.4012842524401233,0.4923047374676993
9576,0.1,0.854971255075483,0.8421006962438123
9792,0.5,0.4132559242898711,0.4987662404342646
10008,0.1,0.8561196300205579,0.8359711209338233
10224,0.5,0.3960800048467427,0.4891234814933058
10440,0.1,0.8538740227974215,0.8326260729603105
10656,0.5,0.4205068836657106,0.488861465485365
10872,0.1,0.8535085768776818,0.8362660771908353
11088,0.5,0.3996089389032249,0.4882623500472187
11304,0.1,0.8547731184992438,0.8486196844339221
11520,0.5,0.4057214432312945,0.5003713901494962
11736,0.1,0.8590055223223976,0.8328917975962604
11952,0.5,0.4050558951101192,0.5003512257342775
12168,0.1,0.8650157249770501,0.8365867356766938
12384,0.5,0.3871711696602903,0.4902046606281567
12600,0.1,0.8623469536908296,0.8583083084362769
12816,0.5,0.4065881970638411,0.502029211457004
13032,0.1,0.8690171040961745,0.8401540861492439
13248,0.5,0.4146057026630801,0.5004205538824893
13464,0.1,0.8504186809007659,0.850141944604765
13680,0.5,0.3970614197188956,0.5037924825727537
13896,0.1,0.8530488629242702,0.8149285889085224
14112,0.5,0.4053580081578947,0.4961037288148809
14328,0.1,0.8547266499299578,0.8335554787682399
14544,0.5,0.4086495149757738,0.4904139705088116
14760,0.1,0.8593204822649575,0.835911234875461
14976,0.5,0.4088558727151599,0.5116331555243981
15192,0.1,0.8548511862689991,0.8403575372849705
15408,0.5,0.4066716978843117,0.4898120571908743
15624,0.1,0.8368003055304487,0.8370650369239243
15840,0.5,0.409190080120124,0.4839914029712041
16056,0.1,0.8551112053368225,0.8422817500250973
16272,0.5,0.410180756242521,0.4992416839025242
16488,0.1,0.8466376959875866,0.8386269477939285
16704,0.5,0.414707793949472,0.5136654876546818
16920,0.1,0.841172046754272,0.8364792636306152
17136,0.5,0.4112070718881954,0.4930044704327062
17352,0.1,0.8448270599500292,0.8242006985266255
17568,0.5,0.4024364490948979,0.488740217702733
17784,0.1,0.8430553879396553,0.8156885618875858
18000,0.5,0.4105603738077212,0.4933024455730968
18216,0.1,0.8533642632041736,0.8304666025683258
18432,0.5,0.4178349327489307,0.4976621024966043
18648,0.1,0.8631587052258141,0.842974646106492
18864,0.5,0.3970925210545733,0.4783249897531438
19080,0.1,0.8562131597698185,0.8442047577040221
19296,0.5,0.3996429886120283,0.4862528797997119
19512,0.1,0.8460646308041819,0.8276550285554534
19728,0.5,0.4079672648018985,0.4775859821542448
19944,0.1,0.8701159986090705,0.8365287052756407
20160,0.5,0.3973175538978351,0.5028306671011896
20376,0.1,0.8661091261064884,0.8390078907062726
20592,0.5,0.4067912288847312,0.4852154877532592
20808,0.1,0.8624464167379657,0.8415778794126523
21024,0.5,0.4114932598172051,0.4938436749675407
21240,0.1,0.8628822267711711,0.8392192214537133
21456,0.5,0.3982938046894324,0.4755106338131581
21672,0.1,0.8608562497186657,0.835284730074105
21888,0.5,0.4128775954475649,0.5122190263630766
22104,0.1,0.8439469006925308,0.8469845396948772
22320,0.5,0.4110662992237901,0.4967673926741069
22536,0.1,0.8469993985088693,0.8370977519148461
22752,0.5,0.4064282786248836,0.5003331013547281
22968,0.1,0.8672247227543661,0.8361181923033736
23184,0.5,0.4099679267519122,0.4990583925480451
23400,0.1,0.8625691006276398,0.8340815152204988
23616,0.5,0.4089927875935026,0.4956221785026678
23832,0.1,0.8507199255994496,0.8398896131650884
24048,0.5,0.4020090209018336,0.4980192124938408
24264,0.1,0.8552209147487119,0.8484590248751338
24480,0.5,0.4169588834444818,0.5035440968831878
24696,0.1,0.8654867066740719,0.8393812838823587
24912,0.5,0.4050253098419563,0.4982957719568928
25128,0.1,0.8581035723417705,0.8419185029567677
25344,0.5,0.4107920123329242,0.4864228734759806
25560,0.1,0.8542313620706333,0.8319650556405507
25776,0.5,0.394292231698128,0.4880026962663945
25992,0.1,0.8508764402268046,0.839429302547989
26208,0.5,0.4155916969479918,0.5022775926178916
26424,0.1,0.8472850157156671,0.8309361459802261
26640,0.5,0.4083885715124,0.5014482584300767
26856,0.1,0.8508447267925991,0.8439430202965158
27072,0.5,0.4114493619108815,0.4936624708308556
27288,0.1,0.8629630601315676,0.8384386462367348
27504,0.5,0.4227777977377476,0.510741136847738
27720,0.1,0.8527807483866654,0.8352891097837617
27936,0.5,0.4046311647732896,0.5045733905456619
28152,0.1,0.854049020184537,0.8409091033038267
28368,0.5,0.4119073506107411,0.4908882414432899
28584,0.1,0.8595609913209791,0.8419874150378439
28800,0.5,0.411221065131816,0.4917456146285233
29016,0.1,0.8508875026123761,0.8532980135170098
29232,0.5,0.4225157162534635,0.5110655844661472
29448,0.1,0.8598102213996878,0.836652608660287
29664,0.5,0.3967727728878883,0.5015332185360154
29880,0.1,0.8426403091948309,0.8288817542268879
30096,0.5,0.4188263415252211,0.5016576862001529
30312,0.1,0.8557010458915875,0.8211625102980498
30528,0.5,0.393758549344686,0.4848907845995917
30744,0.1,0.8621208936435498,0.8453093356670982
30960,0.5,0.411980871286466,0.4906382986932031
31176,0.1,0.8589435470987862,0.8372488207292089
31392,0.5,0.4151141092518589,0.5007448441381611
31608,0.1,0.8689384675866622,0.8366188233404993
31824,0.5,0.3986598545574394,0.4873556545177119
32040,0.1,0.8620776611829142,0.851858410086176
32256,0.5,0.4065377553997418,0.4859168925235449
32472,0.1,0.8671747021849484,0.8381130226150835
32688,0.5,0.4060403073223581,0.5025711131612149
32904,0.1,0.8654095942906543,0.838813550991184
33120,0.5,0.4085601835533914,0.5071816232886932
33336,0.1,0.8559562271310197,0.8363906789910577
33552,0.5,0.3884969379198454,0.4943925956669168
33768,0.1,0.8570754577661348,0.8487233089836779
33984,0.5,0.3904436212243162,0.4832733685325932
34200,0.1,0.8624621497777691,0.834305149916907
34416,0.5,0.4176927747443,0.4961055759798465
34632,0.1,0.8707505811355692,0.8463844958379788
34848,0.5,0.3969631967189647,0.4925113353979072
35064,0.1,0.8581334288964154,0.8393415597865358
35280,0.5,0.3985534588352231,0.4925021565575235
35496,0.1,0.8488855477029874,0.8432285879609751
35712,0.5,0.3924287117960178,0.4939605290692188
35928,0.1,0.8535993695179493,0.8253695062438338
36144,0.5,0.4074485750011308,0.4995903316448921
36360,0.1,0.8597106150548676,0.8409055962028762
36576,0.5,0.4054888076259761,0.4941433219873653
36792,0.1,0.8643488793171314,0.8463085928197853
37008,0.5,0.4097590884951397,0.5052058123881157
37224,0.1,0.8608040352938644,0.8339518248797299
37440,0.5,0.4024442574808572,0.4951570191187291
37656,0.1,0.8594112405248595,0.8424715633034309
37872,0.5,0.3986859524437643,0.5025693880995589
38088,0.1,0.8586579371974987,0.8325455951113789
38304,0.5,0.4061442619795201,0.5015049418960639
38520,0.1,0.8666943574989108,0.8364547675115328
38736,0.5,0.4007069472483974,0.4882400254174282
38952,0.1,0.8483860048977087,0.8394482071960414
39168,0.5,0.4130123245966239,0.4947936105177009
39384,0.1,0.8617739698507489,0.8386103188535452
39600,0.5,0.3910862582691463,0.4897996884427434
39816,0.1,0.8496037832021632,0.8445825253795688
40032,0.5,0.4149731494708019,0.5011336777829043
40248,0.1,0.8515645212948435,0.8441183166296525
40464,0.5,0.4033152766803267,0.4928497584777297
40680,0.1,0.8619578758911851,0.8184636832227272
40896,0.5,0.424752968078524,0.5086602089371606
41112,0.1,0.8445387775319949,0.8291537242796784
41328,0.5,0.4128552828848486,0.500470127625919
41544,0.1,0.8712132093169012,0.8391918752389016
41760,0.5,0.4159053653666298,0.4898858945952772
41976,0.1,0.8452553678187913,0.8245337076174296
42192,0.5,0.4051542453370238,0.4977322565196976
42408,0.1,0.8557202527091387,0.8272346284282597
42624,0.5,0.4116932807379297,0.501761633046256
42840,0.1,0.8560390404042009,0.8384529524542548
43056,0.5,0.4055050224235635,0.5008290399090675
43272,0.1,0.8571788348209022,0.8333050662896164
43488,0.5,0.4108268946359142,0.4912097992590895
43704,0.1,0.8607243726844749,0.8351820071730439
43920,0.5,0.3990980160047055,0.4980026566419129
44136,0.1,0.8521293813577923,0.8345836122178919
44352,0.5,0.403598477488376,0.4885807014217764
44568,0.1,0.852095834453478,0.8391497021562405
44784,0.5,0.4012456802443854,0.4800853168740991
45000,0.1,0.8506767950359112,0.8459231077654832
45216,0.5,0.406069325710666,0.5029373199192387
45432,0.1,0.8574368626809068,0.821596661747639
45648,0.5,0.3992849426394319,0.492426705954491
45864,0.1,0.8607931170276806,0.843978943995797
46080,0.5,0.4000216802435601,0.497125076697606
46296,0.1,0.8543766150203291,0.8331335479558193
46512,0.5,0.4114692853995933,0.4962452765499786
46728,0.1,0.8696482163979004,0.8459481316167792
46944,0.5,0.4110585753831585,0.4958851762357152
47160,0.1,0.8494948339810513,0.8426473986660793
47376,0.5,0.4055778969627606,0.4904916988869052
47592,0.1,0.8526558763111817,0.8441309391804812
47808,0.5,0.4031912598599058,0.4976307743231248
48024,0.1,0.8614869595300131,0.8447367189570503
48240,0.5,0.3955827403659486,0.4849094748042038
48456,0.1,0.8553802173608474,0.8412798472023776
48672,0.5,0.406460000789131,0.5114422291333738
48888,0.1,0.863505869556991,0.8408261567041522
49104,0.5,0.4105649495482917,0.5028352493596612
49320,0.1,0.8492386204794358,0.8499198527904194
49536,0.5,0.4017117975376182,0.4934343975028089
49752,0.1,0.8510350350968594,0.8332472958130092
49968,0.5,0.406637491720882,0.4979591962969448
50184,0.1,0.8595423094843632,0.8335762202497145
50400,0.5,0.4180542738736496,0.5112240401678438
50616,0.1,0.8572990575655426,0.8242002305204591
50832,0.5,0.4069050628325215,0.4858016492255842
51048,0.1,0.857558861080595,0.8384705721182105
51264,0.5,0.4040978580983252,0.4917271070627306
51480,0.1,0.8566287853239336,0.8514089126877039
51696,0.5,0.3992624675464665,0.4978070161493436
51912,0.1,0.8493270651561753,0.8365020043620648
52128,0.5,0.4187313882162808,0.5015342447372109
52344,0.1,0.8509387426233783,0.8378802362610012
52560,0.5,0.4048780533737731,0.492374947970735
52776,0.1,0.8496161223659492,0.8474019485260775
52992,0.5,0.4157552124867986,0.5062966998380004
53208,0.1,0.8570586278228248,0.8435770594113019
53424,0.5,0.4028364984955246,0.4802418793902523
53640,0.1,0.8552783069565686,0.8469334973491103
53856,0.5,0.4071014114641431,0.4936708081667131
54072,0.1,0.8628407558576479,0.8483595682351792
54288,0.5,0.4145791290128325,0.4995054341377062
54504,0.1,0.8682460552937684,0.840315658500679
54720,0.5,0.430728240043716,0.5125751475044459
54936,0.1,0.8434449184077164,0.8359925082027962
55152,0.5,0.409364917823147,0.5031949398378562
55368,0.1,0.8629781896528403,0.8354854837414795
55584,0.5,0.4134605321064415,0.4926016475014098
55800,0.1,0.8632992084003337,0.8470261131361699
56016,0.5,0.4118150872379003,0.5040050640011411
56232,0.1,0.8525912270135045,0.8433235528185533
56448,0.5,0.4111153136087315,0.4883549629105311
56664,0.1,0.8621779597607866,0.8336532439328704
56880,0.5,0.3996974474115006,0.4911084478166584
57096,0.1,0.856072424334997,0.8427245643451574
57312,0.5,0.4107021676676314,0.4920133806262391
57528,0.1,0.8635113056375494,0.8476831244591991
57744,0.5,0.40883215944646,0.4845271880452128
57960,0.1,0.8718726275067101,0.8317000635315648
58176,0.5,0.405462373904318,0.4929869717710042
58392,0.1,0.865207800812795,0.8374968063991267
58608,0.5,0.4088431731706835,0.498687566301419
58824,0.1,0.8527797382454507,0.829347419168587
59040,0.5,0.4028913630072511,0.4920980555212008
59256,0.1,0.8776823564695717,0.8538715376761532
59472,0.5,0.4101460480880904,0.502734256402228
59688,0.1,0.8506968536877741,0.8470196485193042
59904,0.5,0.4172798129019319,0.4938924335471201
60120,0.1,0.8595252601633969,0.8381076330341446
60336,0.5,0.4167719066371597,0.5128961312753897
60552,0.1,0.8658637805257269,0.839562367554747
60768,0.5,0.4234810011965751,0.4941635678779645
60984,0.1,0.864429290370226,0.8483308158323183
61200,0.5,0.3980202555588373,0.4849115242111035
61416,0.1,0.8724275619020025,0.8371347130814623
61632,0.5,0.4070830670819079,0.4988555822242463
61848,0.1,0.8633531737236746,0.8473810223195354
62064,0.5,0.3975721850015561,0.5039426731808391
62280,0.1,0.8672386970060331,0.8332301434752698
62496,0.5,0.4126782162739187,0.4970132123645249
62712,0.1,0.8560142418038259,0.8295877041301
62928,0.5,0.4023359106788746,0.4782646704408337
63144,0.1,0.8545326753745508,0.8413998937743732
63360,0.5,0.410169817870312,0.5091242054199792
63576,0.1,0.8702011480882629,0.8362835096709276
63792,0.5,0.4112374127813838,0.5024038573953203
64008,0.1,0.87662933136824,0.8377396634362513
64224,0.5,0.4020466515206006,0.4940709134186866
64440,0.1,0.8516828484956082,0.8373760724198764
64656,0.5,0.4047293851445363,0.494662707172824
64872,0.1,0.8592617317394224,0.8439781786135745
65088,0.5,0.4006385920622063,0.501599341914654
65304,0.1,0.85057622839361,0.8457866276564535
65520,0.5,0.4164807580091449,0.4993940302929535
65736,0.1,0.8587338627602822,0.8383901733915881
65952,0.5,0.4118590302843384,0.5036508392626173
66168,0.1,0.8559008699968171,0.8468593502130178
66384,0.5,0.4024394310727816,0.4916999496263474
66600,0.1,0.862429492348642,0.8531935283671943
66816,0.5,0.4054971082963569,0.4956165559412631
67032,0.1,0.8545900974562296,0.8318726537472143
67248,0.5,0.3966887389895109,0.4778322181676259
67464,0.1,0.8548302572822218,0.8397745087113897
67680,0.5,0.3968163275664906,0.5057627361504576
67896,0.1,0.8751078233750662,0.848059056030655
68112,0.5,0.403207082286775,0.4896801787673091
68328,0.1,0.8583130060522897,0.8462399637469669
68544,0.5,0.4203690673550677,0.5086521875065313
68760,0.1,0.8633702065391943,0.8373132664726122
68976,0.5,0.4021465088437611,0.4928378168389526
69192,0.1,0.8534643676212522,0.8449726056139899
69408,0.5,0.4025326752766409,0.4929663736122595
69624,0.1,0.8576230725182209,0.841039409705476
69840,0.5,0.4118629463021065,0.5034515629717721
70056,0.1,0.8536999531948928,0.8356325226222951
70272,0.5,0.4042556554744844,0.4971028257094051
70488,0.1,0.8564465836235552,0.8393173750199697
70704,0.5,0.4160303871024717,0.4886957967578756
70920,0.1,0.8606606986779982,0.8441306196922246
71136,0.5,0.4093161455618683,0.5000233888021778
71352,0.1,0.8525173736971194,0.8482599228092687
71568,0.5,0.414515973320073,0.5039721397617974
71784,0.1,0.8547820032579742,0.8368902941169981
72000,0.5,0.4286778836618375,0.513089777295446
72216,0.1,0.8575203831576501,0.8416578058196122
72432,0.5,0.410508146035154,0.5026596837592917
72648,0.1,0.8559353528057632,0.8445716157340916
72864,0.5,0.4040673686440335,0.5029968452878663
73080,0.1,0.8592305706514174,0.8444936063738566
73296,0.5,0.4059195565540192,0.5084342159319956
73512,0.1,0.8541308333926311,0.8481822089453708
73728,0.5,0.4029910804938743,0.4860263942965194
73944,0.1,0.8415077884255853,0.8320584171939046
74160,0.5,0.4104911604438058,0.5017444878897064
74376,0.1,0.8529640829720012,0.8309089830212681
74592,0.5,0.4152080146280841,0.5132813636371352
74808,0.1,0.8554976470835818,0.8458609871208452
75024,0.5,0.4050294335836434,0.4952589023109244
75240,0.1,0.8535681647224007,0.8330242630466914
75456,0.5,0.4080067143477424,0.5068547495044088
75672,0.1,0.8595375299826813,0.824853552211572
75888,0.5,0.4041658151309809,0.4980699276149489
76104,0.1,0.8548906258831745,0.8523339178631893
76320,0.5,0.4161607687867659,0.4931397479038801
76536,0.1,0.8618874944468615,0.8535421441140711
76752,0.5,0.4074546331264986,0.510985693271347
76968,0.1,0.8525123219953405,0.834927253177429
77184,0.5,0.4138676620615364,0.5076624215250836
77400,0.1,0.8637130550733418,0.8336678980599413
77616,0.5,0.4058888196463558,0.5083067924748956
77832,0.1,0.8530430374654786,0.8526851431036729
78048,0.5,0.398171137123957,0.495417253010486
78264,0.1,0.8507970983697081,0.8487534689149334
78480,0.5,0.4107079390534844,0.4934960712509143
78696,0.1,0.8580942383651788,0.838682663186177
78912,0.5,0.4131125035756835,0.4936475038133017
79128,0.1,0.8721427363248198,0.832741323930688
79344,0.5,0.4033099772660613,0.4973319805271802
79560,0.1,0.8530532804754967,0.849521122727697
79776,0.5,0.3943450106243971,0.4926503493304834
79992,0.1,0.852393530523868,0.8280085498055787
80208,0.5,0.4002480223446549,0.5013547667375504
80424,0.1,0.8602901678542233,0.843498141717387
80640,0.5,0.401885591765376,0.493144698392528
80856,0.1,0.8532419849439121,0.8450249832244904
81072,0.5,0.4177352180564431,0.5025450677097205
81288,0.1,0.8570967979747383,0.8410627862912071
81504,0.5,0.4088040033168571,0.4811508165756279
81720,0.1,0.8691861251538404,0.8522967359783548
81936,0.5,0.4106611106138114,0.5024471178987907
82152,0.1,0.8520823065682603,0.8278185754850482
82368,0.5,0.4085762684614513,0.4912637389528039
82584,0.1,0.8586685262395117,0.8381970206661383
82800,0.5,0.4064630853192351,0.5000376570250491
83016,0.1,0.8587764882246214,0.8248704906790336
83232,0.5,0.3968495761529354,0.494820194908945
83448,0.1,0.8551240293126655,0.8420062989957523
83664,0.5,0.4022212539944331,0.4909059029051104
83880,0.1,0.8591137137599678,0.8487295257968929
84096,0.5,0.4054879988449726,0.487595802414606
84312,0.1,0.8635027095459529,0.8433280441323642
84528,0.5,0.4078763273369787,0.4993398104025083
84744,0.1,0.8504240454564139,0.8294745411040124
84960,0.5,0.4132977346627406,0.4943351923851793
85176,0.1,0.8627929345150299,0.8307102860695867
85392,0.5,0.3920149063212765,0.4917387850649184
85608,0.1,0.8646751733067524,0.8286143988175791
85824,0.5,0.4129384451268095,0.5031624906580877
86040,0.1,0.8515938527543541,0.8397340679384895
86256,0.5,0.3983296276902098,0.4883977351280599
86472,0.1,0.8604050001212551,0.8580400370096128
86688,0.5,0.4237472545283596,0.519948377891739
86904,0.1,0.856376228344269,0.8264152902923501
87120,0.5,0.4057271669539987,0.4984783075914351
87336,0.1,0.845753970058763,0.8358287868193617
87552,0.5,0.4089253747322752,0.5003617986921093
87768,0.1,0.8505212453835063,0.8382227891327417
87984,0.5,0.3996672038894949,0.5013939462381191
88200,0.1,0.8462453679608124,0.8420936588002403
88416,0.5,0.3980150766213572,0.5035913082304933
88632,0.1,0.8630885805337747,0.8267304147074565
88848,0.5,0.4077349923003582,0.4969238253720573
89064,0.1,0.8649156847835654,0.8422315862061889
89280,0.5,0.3952293199789262,0.496013156649367
89496,0.1,0.85313222896745,0.8347952558681448
89712,0.5,0.4181888411343168,0.5107248329170169
89928,0.1,0.8537588913620643,0.8217855562627219
90144,0.5,0.4156713036492446,0.5010329220648467
90360,0.1,0.8624113964935313,0.8201502915502467
90576,0.5,0.4109404950790401,0.4933989517941735
90792,0.1,0.8643770070792811,0.8473262750951334
91008,0.5,0.4006902355082414,0.5054931430301479
91224,0.1,0.8500438523859001,0.8315144967828941
91440,0.5,0.4088411533258553,0.4812557237193348
91656,0.1,0.8601802900077011,0.8381917568211069
91872,0.5,0.3931570441722689,0.4963722881123731
92088,0.1,0.8589532251370848,0.847961199107314
92304,0.5,0.4087910130636538,0.5179820985093541
92520,0.1,0.8449803154882437,0.8423225986748986
92736,0.5,0.4125918247642187,0.4999165638619827
92952,0.1,0.8616308092747897,0.8438802275142514
93168,0.5,0.3900989989376912,0.5037468229891232
93384,0.1,0.8561311566515851,0.8384815634149164
93600,0.5,0.4027950734670527,0.5082692446284873
93816,0.1,0.8555433212523461,0.8548403157412339
94032,0.5,0.402184025793582,0.474933634922477
94248,0.1,0.8628820193558192,0.8297629397193643
94464,0.5,0.4073974835638158,0.5002096667386957
94680,0.1,0.8610296490982554,0.8260072573245041
94896,0.5,0.4052812054660324,0.5007307083405365
95112,0.1,0.8550855787766802,0.8499022667199547
95328,0.5,0.421241228041092,0.500588542951645
95544,0.1,0.8659171277633919,0.8408383255668945
95760,0.5,0.4119276474083426,0.4979524277312953
95976,0.1,0.8502159546338726,0.8431257030283811
96192,0.5,0.3974372216769147,0.482715452334429
96408,0.1,0.8576815172415388,0.8442864073910592
96624,0.5,0.4127726274846145,0.5056472137658133
96840,0.1,0.8645589222982868,0.8418306071591075
97056,0.5,0.413298365321899,0.4924959124855159
97272,0.1,0.8613658458032682,0.8427322493421967
97488,0.5,0.4151367010472773,0.5099299703301096
97704,0.1,0.8640092697308778,0.8565420305446747
97920,0.5,0.4078346959496274,0.4875053151511795
98136,0.1,0.8588709621507289,0.8405392362671193
98352,0.5,0.4087310891822719,0.5039327246145685
98568,0.1,0.8632815101020131,0.843836466395683
98784,0.5,0.3985034518745816,0.4976033145330822
99000,0.1,0.8567208729046724,0.8300595728454252
99216,0.5,0.4119281451576954,0.498859197991936
99432,0.1,0.8611843576004717,0.8340581311540184
99648,0.5,0.4139344190343604,0.4914013880201205
99864,0.1,0.860560685888164,0.8352450647056935
100080,0.5,0.3993964047248946,0.4946612125498803
100296,0.1,0.8612035206509057,0.8448412688806306
100512,0.5,0.4072671767960837,0.4982179289518009
100728,0.1,0.853492259687563,0.8364203099025062
100944,0.5,0.410657803000729,0.4922563848320977
101160,0.1,0.8461628431223275,0.8445851599749754
101376,0.5,0.3968444196069668,0.4967584373526875
101592,0.1,0.8496143220487599,0.831982881744722
101808,0.5,0.4145683070132232,0.5093184347106816
102024,0.1,0.8674724843800612,0.8483636788262616
102240,0.5,0.405065833655094,0.4998665895893696
102456,0.1,0.8505491667736415,0.8316863728663351
102672,0.5,0.4013341457404571,0.5001861191260957
102888,0.1,0.8473131635161121,0.8242861878747645
103104,0.5,0.3951064654577487,0.4818615624164256
103320,0.1,0.8544830246871515,0.8287854771542755
103536,0.5,0.3996353806115318,0.4992003537031931
103752,0.1,0.8567541273233356,0.8295152812558348
103968,0.5,0.405733701622315,0.4880832965893807
104184,0.1,0.8611403840315431,0.8245594272294247
104400,0.5,0.4087111172267695,0.506964656330807
104616,0.1,0.8571646363768706,0.8469322890616621
104832,0.5,0.4102906249550828,0.5074525889279003
105048,0.1,0.8597222419623947,0.8417340312240191
105264,0.5,0.3971720034181394,0.4907379477525574
105480,0.1,0.8552059353805194,0.8259946317175709
105696,0.5,0.4048949421343385,0.5097007386048892
105912,0.1,0.8487865960861711,0.8338153273445497
106128,0.5,0.3913496565535454,0.486445042121519
106344,0.1,0.8651057151933358,0.8464202761357116
106560,0.5,0.4129856287300369,0.4998686596771198
106776,0.1,0.8512851394127776,0.8397745921756473
106992,0.5,0.3893570094271137,0.5016727959330816
107208,0.1,0.8583863081683036,0.8440577270152239
107424,0.5,0.4135875522556334,0.4930964370309753
107640,0.1,0.8688697708091376,0.839198524139436
107856,0.5,0.4219008028778672,0.5061479244020081
108072,0.1,0.8563767165133304,0.8294889416969426
108288,0.5,0.4118573491022142,0.5010980252892112
108504,0.1,0.8577373065511469,0.8504425125436715
108720,0.5,0.4157935395746354,0.5099613504414928
108936,0.1,0.8620633687789874,0.839827565885532
109152,0.5,0.4045457329814536,0.4872888690070708
109368,0.1,0.8480948162673824,0.8356882874129634
109584,0.5,0.4135800504718414,0.5040191610675793
109800,0.1,0.8516933866312406,0.8284598021919111
110016,0.5,0.4114529367419295,0.5018567257757484
110232,0.1,0.8429856576190592,0.8259769751657364
110448,0.5,0.3997692467186253,0.4915257701952481
110664,0.1,0.8618635867451389,0.8408115068913601
110880,0.5,0.4148966677032545,0.4982283360056227
111096,0.1,0.8588716384492475,0.8456090009110757
111312,0.5,0.4142824612128725,0.4955907024462196
111528,0.1,0.8646179831192914,0.8430987714127254
111744,0.5,0.4085150796133375,0.5013680878957671
111960,0.1,0.8525295866078602,0.8232834511271377
112176,0.5,0.3982857157305969,0.4864625394396754
112392,0.1,0.8536180923516562,0.8471605628147246
112608,0.5,0.4094713331356588,0.5103717499026308
112824,0.1,0.8609938597907019,0.8405100871915746
113040,0.5,0.4089847253459153,0.4843219042352129
113256,0.1,0.8499926419725977,0.8357659057397909
113472,0.5,0.4060074330341164,0.4961531020170905
113688,0.1,0.8531689012554812,0.8455067836463912
113904,0.5,0.4088147136306791,0.4951583197846584
114120,0.1,0.8608554360345382,0.8566362835836644
114336,0.5,0.3945406141244356,0.4973591325771201
114552,0.1,0.8501322544760758,0.8309746594177596
114768,0.5,0.4119385067215698,0.4946310119944523
114984,0.1,0.8610130601950552,0.8447399853597912
115200,0.5,0.412155695245536,0.5229840951397747
115416,0.1,0.8626546314199299,0.8463372835814451
115632,0.5,0.4137235879249923,0.5055364992734142
115848,0.1,0.8443447143981229,0.8345346971432264
116064,0.5,0.4100251795553155,0.4853338055513722
116280,0.1,0.8561250834298347,0.8527616298828843
116496,0.5,0.4081655119328137,0.4923824104209247
116712,0.1,0.8519999026314217,0.8244537278321158
116928,0.5,0.4091910107383211,0.5113172654552125
117144,0.1,0.8619596375488007,0.8356619801432305
117360,0.5,0.4132887329729428,0.4988445977827557
117576,0.1,0.8553806850908421,0.8189104418080619
117792,0.5,0.4136574428308104,0.5040329280452357
118008,0.1,0.8554182938488459,0.8469976687229345
118224,0.5,0.4137516851451708,0.4983629497258185
118440,0.1,0.8732814113211625,0.8255576265342529
118656,0.5,0.3993671565987866,0.5039308147996715
118872,0.1,0.856733690001879,0.827969056559823
119088,0.5,0.4081051070906529,0.501570175950836
119304,0.1,0.852871698079938,0.8327530611045683
119520,0.5,0.4118561017142051,0.4876036922026971
119736,0.1,0.8566154502200714,0.839577612781507
119952,0.5,0.4177493997676336,0.5013709418857524
120168,0.1,0.8555344514712955,0.8351125739909355
120384,0.5,0.4036322713771054,0.4905053116634237
120600,0.1,0.8545866570713712,0.8287527813272024
120816,0.5,0.3981257011221619,0.4929492613703719
121032,0.1,0.8599676721490164,0.833517243033365
121248,0.5,0.418638696644091,0.4992615202306256
121464,0.1,0.8531016776422432,0.8193109999645558
121680,0.5,0.3951243162552655,0.4905989870804638
121896,0.1,0.8514603319862171,0.8382355762903876
122112,0.5,0.4104779278604301,0.484190739475555
122328,0.1,0.8575246578197487,0.8412249431379136
122544,0.5,0.3975628356951174,0.4938116203058771
122760,0.1,0.8508665971198844,0.8304103979538635
122976,0.5,0.4014272689161763,0.5024556651746279
123192,0.1,0.8587492715026737,0.8426609309897302
123408,0.5,0.4059475495880247,0.5049437751978089
123624,0.1,0.8551068943390497,0.8448680008514831
123840,0.5,0.4021288690801337,0.489059090152733
124056,0.1,0.8482619177525482,0.8518011146834149
124272,0.5,0.3974837048829751,0.5000378258869747
124488,0.1,0.8641521226244077,0.8390291765287344
124704,0.5,0.4117372080392148,0.4903033512964433
124920,0.1,0.856380292402137,0.8327774017749116
125136,0.5,0.4061025993271021,0.4921620220001874
125352,0.1,0.8552789639830592,0.8412971156683663
125568,0.5,0.4036084644133107,0.4986759382551493
125784,0.1,0.8543494771560247,0.8400114665246722
126000,0.5,0.4016429432188797,0.5020641243580338
126216,0.1,0.8573721828607289,0.8351235722345303
126432,0.5,0.402251870591317,0.5085018785784362
126648,0.1,0.8651458397639529,0.8351816792111364
126864,0.5,0.4095701233930813,0.5000359478362545
127080,0.1,0.8561627171225901,0.8405686956696266
127296,0.5,0.3933677842661881,0.49239208588985
127512,0.1,0.8705377000372222,0.8537034305178851
127728,0.5,0.4259170755691782,0.4998949011158586
127944,0.1,0.853958449320922,0.8412287033758454
128160,0.5,0.4203180750405378,0.4958510137934074
128376,0.1,0.8613390921878331,0.8315154552915573
128592,0.5,0.3991874081226763,0.4936757024729896
128808,0.1,0.8561770536386295,0.8390360785969443
129024,0.5,0.408722285603744,0.500946319582332
129240,0.1,0.855762030145513,0.8427083075378468
129456,0.5,0.4113209411055736,0.4968966036050541
129672,0.1,0.8619732489306916,0.8500328763058478
129888,0.5,0.4159139243360195,0.4949230869020634
130104,0.1,0.8526383011149952,0.8344374665830528
130320,0.5,0.4169376390806045,0.4992186364199514
130536,0.1,0.8473518329527449,0.836561636399346
130752,0.5,0.4069490501949084,0.4931686466369171
130968,0.1,0.8661853512928599,0.8494355454891483
131184,0.5,0.3943410878209977,0.4863449020782239
131400,0.1,0.8664056581374413,0.8307613081913443
131616,0.5,0.4007253177430055,0.4964518843095753
131832,0.1,0.8603841653115208,0.8554777914199724
132048,0.5,0.4103346042610753,0.5044078643480151
132264,0.1,0.8512775276831533,0.8317323823201858
132480,0.5,0.406079716497134,0.5093152492893128
132696,0.1,0.8560155921302113,0.8306791338335028
132912,0.5,0.3976533084156368,0.4842366357293647
133128,0.1,0.8519139872254341,0.8430952852991421
133344,0.5,0.4065165203174645,0.4945098435548707
133560,0.1,0.8494470820121023,0.8512907869530213
133776,0.5,0.3993719238990413,0.4897272536704521
133992,0.1,0.8565158068927817,0.8446034977642788
134208,0.5,0.4084899399420073,0.507104517514366
134424,0.1,0.8617165674878094,0.8422569031099789
134640,0.5,0.3971697319474727,0.4869829164209532
134856,0.1,0.8627024146688741,0.8493945381833835
135072,0.5,0.3995312752908725,0.4859682884827531
135288,0.1,0.8553412189517853,0.8274869001245733
135504,0.5,0.4059314963560206,0.505390593491639
135720,0.1,0.8511211827474046,0.8444294005737398
135936,0.5,0.4047348705202081,0.499479130902084
136152,0.1,0.8560490608556254,0.8348000078317065
136368,0.5,0.3947488995877164,0.4933343512394536
136584,0.1,0.8555755242059881,0.8382876207691703
136800,0.5,0.4142631617072394,0.4981414003170346
137016,0.1,0.8478405791033081,0.8172081441769802
137232,0.5,0.4105027875266027,0.5020858779992102
137448,0.1,0.8627200686001774,0.8446013058069929
137664,0.5,0.4097025567657199,0.5076955306324804
137880,0.1,0.8502420741818935,0.832560114067059
138096,0.5,0.404926342558145,0.501507664881095
138312,0.1,0.8466968533998727,0.832558380666592
138528,0.5,0.4171317147685757,0.5122619793585141
138744,0.1,0.8639231421142067,0.8393945426707745
138960,0.5,0.4127417012001836,0.4953140979993431
139176,0.1,0.8663181647999636,0.8410450697939313
139392,0.5,0.3991683026067134,0.5063510352947368
139608,0.1,0.8363056397785772,0.8246973743218508
139824,0.5,0.4125306827258768,0.497521361530736
140040,0.1,0.8506183096241551,0.8234633987253253
140256,0.5,0.4146798707097487,0.4958058209821405
140472,0.1,0.8549081660101762,0.8224607332626064
140688,0.5,0.4127025191990672,0.4899683019753297
140904,0.1,0.8606716612537099,0.8523573302610269
141120,0.5,0.4084661068587678,0.5034014630424932
141336,0.1,0.8643430256332398,0.8461931757071884
141552,0.5,0.4054632769919798,0.498982042389577
141768,0.1,0.8433221961076547,0.8446373615603473
141984,0.5,0.3986906571650659,0.4936308806583622
142200,0.1,0.8589267423986958,0.8428095375412927
142416,0.5,0.4109316624043672,0.5025524647614741
142632,0.1,0.8658524666242369,0.8293553709809726
142848,0.5,0.4082196581426125,0.4835109527970843
143064,0.1,0.8616019564791898,0.8366465111300397
143280,0.5,0.4116127951514612,0.5066059909047957
143496,0.1,0.8673424906089073,0.8462843455163548
143712,0.5,0.4104096081662529,0.4959389679960246
143928,0.1,0.8658688882274127,0.8359448990605568
144144,0.5,0.4049483570425254,0.5023753126546218
144360,0.1,0.8721755070414073,0.830858917723409
144576,0.5,0.4108007697368805,0.4866258737971841
144792,0.1,0.8635289743864182,0.8357500318427279
145008,0.5,0.4035731306086725,0.5030505766527569
145224,0.1,0.862751408609481,0.8374978478100715
145440,0.5,0.4096971557924244,0.4987526592823902
145656,0.1,0.851000215081887,0.8411720846237973
145872,0.5,0.4042229896433242,0.4825694400703289
146088,0.1,0.8544277094792376,0.8325921889436558
146304,0.5,0.4187583430733718,0.5099872546954881
146520,0.1,0.8595777529178007,0.8294618362224873
146736,0.5,0.4171346953832043,0.4996761464190563
146952,0.1,0.8570452501946073,0.846943569730041
147168,0.5,0.416985972831988,0.4917038333916658
147384,0.1,0.8564453485051574,0.8495223394048523
147600,0.5,0.4077121500417301,0.5109126043933125
147816,0.1,0.8563407118027725,0.8316637513160187
148032,0.5,0.3999707072689846,0.4905864852081673
148248,0.1,0.8635910980632815,0.8459430872335085
148464,0.5,0.4066291606744643,0.4857606048752384
148680,0.1,0.8596161299256235,0.8434355638979083
148896,0.5,0.416072115011418,0.4981265197559619
149112,0.1,0.8518664320946188,0.8343567661863731
149328,0.5,0.4083877096177156,0.4898873476329266
149544,0.1,0.8509092094457779,0.8495804938843727
149760,0.5,0.4120619765064923,0.496956227661307
149976,0.1,0.868306491634202,0.846923220531383
150192,0.5,0.4128696337648903,0.4846248227703279
150408,0.1,0.8552708540432203,0.8398481992406066
150624,0.5,0.4122092516801654,0.4957002401027401
150840,0.1,0.869345301735667,0.8404487413727532
151056,0.5,0.416495697851949,0.4842317029944133
151272,0.1,0.856769721400218,0.8332909268049135
151488,0.5,0.4110513100643033,0.4939738065839016
151704,0.1,0.8677828038131625,0.8379036674459437
151920,0.5,0.4119546604614615,0.5076892503261594
152136,0.1,0.8634130963566946,0.8349833176152659
152352,0.5,0.4136107914940545,0.4966931805007538
152568,0.1,0.8599449721976223,0.8393249776779775
152784,0.5,0.4057742411294673,0.4940751222266384
153000,0.1,0.8499020526593025,0.8320762231723653
153216,0.5,0.4143597169194163,0.4896120183607022
153432,0.1,0.8661864286113159,0.8450653112715463
153648,0.5,0.4145140620238458,0.4898910499497701
153864,0.1,0.8576496724358139,0.8391811286729849
154080,0.5,0.4237237318482048,0.4995594509253974
154296,0.1,0.8644560298487768,0.8500061135011151
154512,0.5,0.3968705692301589,0.4994069971498254
154728,0.1,0.8555745630262543,0.8387894799346834
154944,0.5,0.4223449537883133,0.4970077056089135
155160,0.1,0.8608984390435416,0.8370395857616196
155376,0.5,0.4033864032618275,0.4831132155338586
155592,0.1,0.8584703510598467,0.8329373401010673
155808,0.5,0.396153449153258,0.483573630997038
156024,0.1,0.8516754454552463,0.849434927719797
156240,0.5,0.409509669051391,0.5004933179164136
156456,0.1,0.8655544866206946,0.8437139151030331
156672,0.5,0.4198654639718131,0.5026891944821629
156888,0.1,0.8530989124519703,0.8348485132843837
157104,0.5,0.4009581879617727,0.5027333111761101
157320,0.1,0.8531611846162346,0.8351337608022237
157536,0.5,0.4086204809040172,0.4938725051366837
157752,0.1,0.848676431729919,0.8417429002524046
157968,0.5,0.4099364381124095,0.4978788187822291
158184,0.1,0.8575864606320713,0.8484523391827907
158400,0.5,0.3991004822854762,0.5028963211178527
158616,0.1,0.8608658912621139,0.8508155698092489
158832,0.5,0.4165120541063855,0.4917826623909878
159048,0.1,0.8615156313344657,0.8384443373807575
159264,0.5,0.4012611267710321,0.504436128262361
159480,0.1,0.8656457443420856,0.8341609981969639
159696,0.5,0.4128536495747344,0.4914897086412773
159912,0.1,0.8713505565554839,0.8366028089500387
160128,0.5,0.3778355893812458,0.4838583125123391
160344,0.1,0.8608948517395849,0.8514109562140681
160560,0.5,0.4163490540895537,0.5046814033320682
160776,0.1,0.8543284391884395,0.839103561941555
160992,0.5,0.4092227543674077,0.5128842549367043
161208,0.1,0.854220012752602,0.8503780116341241
161424,0.5,0.4066833361693628,0.5036343348424546
161640,0.1,0.8580754980225023,0.8317484408729426
161856,0.5,0.4023095993890698,0.5059901589929743
162072,0.1,0.859456365558043,0.8326886380762214
162288,0.5,0.4040924605653,0.5009626045006141
162504,0.1,0.8620106625950597,0.8322628954496565
162720,0.5,0.4019190124545526,0.4935723766338612
162936,0.1,0.862713642384358,0.8331926300900449
163152,0.5,0.4034842396974378,0.5098853463000599
163368,0.1,0.864533007122408,0.8342975100593555
163584,0.5,0.4050088876149927,0.4968599053969783
163800,0.1,0.8588445293869107,0.8451672557844329
164016,0.5,0.4067637325751886,0.4935100715409887
164232,0.1,0.8549895132261728,0.83121061691855
164448,0.5,0.399116689476222,0.5011243025433423
164664,0.1,0.8481893606097478,0.8345819838391774
164880,0.5,0.3986689784952929,0.4938918302333768
165096,0.1,0.8631186792482366,0.843058967021667
165312,0.5,0.3999121525482412,0.4932742034253172
165528,0.1,0.8509218323309713,0.8450223517311111
165744,0.5,0.40011063441461,0.4883506430425304
165960,0.1,0.8587031074387614,0.8368697700280927
166176,0.5,0.4075548371105539,0.4961774872942138
166392,0.1,0.861380471179123,0.8243009642071653
166608,0.5,0.4074772888368594,0.4975442487756016
166824,0.1,0.8476181578777923,0.8267144870781061
167040,0.5,0.407224640857351,0.5011058806546201
167256,0.1,0.8633649178199847,0.8426171445152716
167472,0.5,0.4113438052897758,0.4970682847848179
167688,0.1,0.8513976417100578,0.8297174709857604
167904,0.5,0.4056737788990855,0.5039512976986116
168120,0.1,0.8706621077558907,0.840830199794452
168336,0.5,0.4030367007239606,0.4847058668526771
168552,0.1,0.8543414981655261,0.8410883560612438
168768,0.5,0.4161033310821691,0.4923866793407543
168984,0.1,0.8663271281964132,0.8606797251048988
169200,0.5,0.3986092957703072,0.4829662558994492
169416,0.1,0.853343268734938,0.8403618726040314
169632,0.5,0.4110877997692724,0.4859466229634753
169848,0.1,0.8589515747577723,0.8424929870979954
170064,0.5,0.4014648805522693,0.4953201941020234
170280,0.1,0.8531914311022823,0.8345397521933288
170496,0.5,0.3979513405250114,0.4919620658251629
170712,0.1,0.8442657698661872,0.8406123056015025
170928,0.5,0.4143378895269635,0.4905953571420365
171144,0.1,0.8487704649716364,0.8395947474894971
171360,0.5,0.4168906142156466,0.4934613204743332
171576,0.1,0.8656445379382595,0.8516524458461319
171792,0.5,0.4007191301672734,0.4929749003685459
172008,0.1,0.8511647822232571,0.8460723634306134
172224,0.5,0.3998053164456598,0.4877064678135782
172440,0.1,0.8550298862994555,0.8478429215860149
172656,0.5,0.4087204154455947,0.5079747926921787
172872,0.1,0.8536000214750898,0.8270733709249094
173088,0.5,0.3995701225011562,0.4987685601870346
173304,0.1,0.8667274752503066,0.8438031447802855
173520,0.5,0.4114077856606952,0.4965276569646253
173736,0.1,0.8560645594831903,0.8305041139221464
173952,0.5,0.3998442026529236,0.4875310118423977
174168,0.1,0.8580577921413456,0.8447013487456344
174384,0.5,0.4078901377812929,0.4955403283394811
174600,0.1,0.8560952849255257,0.839644968354683
174816,0.5,0.4027556032841345,0.498460727658657
175032,0.1,0.8507961553016753,0.8351671873419566
175248,0.5,0.4017585155249123,0.4918243622074905
175464,0.1,0.8649620236368576,0.8354481348377608
175680,0.5,0.4039635770302435,0.5026637599240312
175896,0.1,0.8668020419599687,0.8448095909449226
176112,0.5,0.403392356564093,0.5007892717939263
176328,0.1,0.857731816237222,0.8440770420335255
176544,0.5,0.3994199206877067,0.5028478827025207
176760,0.1,0.8498790725663672,0.8401305848006086
176976,0.5,0.4180910621082261,0.5025037316312744
177192,0.1,0.8628380966857406,0.8334198468347528
177408,0.5,0.4152206441250425,0.481896837455564
177624,0.1,0.8557562786052043,0.8400865496480955
177840,0.5,0.3943613241252555,0.4900511726062208
178056,0.1,0.8451697630566163,0.8384526378159005
178272,0.5,0.3913122246167541,0.4792942087555895
178488,0.1,0.8661506055025292,0.8412888729909568
178704,0.5,0.413970558660035,0.4898312029758152
178920,0.1,0.8489597712273277,0.8349244699394542
179136,0.5,0.4022880897110221,0.503681300125146
179352,0.1,0.8528896879453002,0.8454534544371681
179568,0.5,0.4187979252225487,0.5161118067532806
179784,0.1,0.8524657923606834,0.8375791632513586
180000,0.5,0.4125121588300888,0.507819024874617
180216,0.1,0.8538863504280705,0.8438969591890423
180432,0.5,0.4204334478504447,0.4990854933000325
180648,0.1,0.851931492577661,0.8421748493577107
180864,0.5,0.407265411988242,0.4997126730770812
181080,0.1,0.8546912242738739,0.8442110632818245
181296,0.5,0.4133602891962417,0.5033251446244731
181512,0.1,0.8561993510298302,0.8277132446911432
181728,0.5,0.409513343423924,0.4964277130719444
181944,0.1,0.8697476530072811,0.8286928723705723
182160,0.5,0.3954640863038924,0.493080057435214
182376,0.1,0.8612670351039732,0.8352419137932264
182592,0.5,0.4048726066420671,0.5022025166934251
182808,0.1,0.8588409299052606,0.8358636599556917
183024,0.5,0.4147199078758548,0.5112733722499572
183240,0.1,0.8527041051729612,0.8493674920393791
183456,0.5,0.4159653211626818,0.5012354866991442
183672,0.1,0.8598317477212043,0.8448151344947717
183888,0.5,0.3889088788605117,0.4800354480574257
184104,0.1,0.8516215130734962,0.8446096399678248
184320,0.5,0.4146152244788402,0.4977691401331317
184536,0.1,0.858158118279147,0.8315284009894996
184752,0.5,0.4074857405930154,0.4983865235749096
184968,0.1,0.8507104254361595,0.8397415243366468
185184,0.5,0.4081055441156038,0.4907218835723415
185400,0.1,0.8561080977984566,0.8356607826733441
185616,0.5,0.4025331876647417,0.5067058270859076
185832,0.1,0.8612304000224933,0.8460077554106611
186048,0.5,0.4195480672098821,0.4980621808251216
186264,0.1,0.8617851392158237,0.8452475162338596
186480,0.5,0.4059972812788176,0.5215350003074737
186696,0.1,0.8492011612562859,0.8513038447740555
186912,0.5,0.3911699027964889,0.4840730018488313
187128,0.1,0.8596266072542987,0.8492848111240106
187344,0.5,0.4185611197240165,0.4998261685566441
187560,0.1,0.8575775408977464,0.8377229940243615
187776,0.5,0.4158254126813656,0.5034788249468348
187992,0.1,0.85118697455928,0.8315844979950332
188208,0.5,0.4037573279196765,0.5003634110787797
188424,0.1,0.8568890726427253,0.8396824908546695
188640,0.5,0.3918519078234878,0.4918407212180433
188856,0.1,0.8572191687042873,0.8247391512739071
189072,0.5,0.4089005838064523,0.5052932194827852
189288,0.1,0.8625247951328688,0.8429106478961447
189504,0.5,0.4086872623803195,0.5010140337016187
189720,0.1,0.8636372205390309,0.83630962035497
189936,0.5,0.404658280648432,0.5008969851740255
190152,0.1,0.8621226046534913,0.8472271932405576
190368,0.5,0.410922586316676,0.503504745126316
190584,0.1,0.8501517552615223,0.8414623648688269
190800,0.5,0.4127269654987217,0.4944289979073232
191016,0.1,0.8667794729802893,0.8543471938573133
191232,0.5,0.4000987911778871,0.5010490282103974
191448,0.1,0.8540990717940612,0.8370094230609085
191664,0.5,0.3983493849525565,0.4966857880321684
191880,0.1,0.8637623496382454,0.8384654494622401
192096,0.5,0.4105865482302968,0.5084384219500261
192312,0.1,0.8628694839074106,0.8460735440115337
192528,0.5,0.4044985259916968,0.4903929917712502
192744,0.1,0.8677273007526266,0.8456487321295174
192960,0.5,0.4193812254919625,0.5000676447660998
193176,0.1,0.8552071577575258,0.8360424204201928
193392,0.5,0.4090884202169493,0.4941827709988706
193608,0.1,0.8499684085649818,0.8415577665933381
193824,0.5,0.4248232853228358,0.493501252618786
194040,0.1,0.856981558816884,0.8396978542753476
194256,0.5,0.3952736137219076,0.4998393644562799
194472,0.1,0.8623041888888744,0.8355012906002642
194688,0.5,0.4047912543591549,0.500808615364806
194904,0.1,0.8569557233119189,0.8490490245965315
195120,0.5,0.3960956606060566,0.4921566695542282
195336,0.1,0.856726994604266,0.8439285319799212
195552,0.5,0.3973303584202843,0.4841739090435588
195768,0.1,0.8468327784022085,0.8351277564206464
195984,0.5,0.414967777206583,0.4924263535297075
196200,0.1,0.8583247297684767,0.8332243504057948
196416,0.5,0.4020124096011844,0.4950110487017871
196632,0.1,0.8487503520503864,0.8294382929239964
196848,0.5,0.4107552452378922,0.4986974519255379
197064,0.1,0.8596012817348647,0.8517339578830364
197280,0.5,0.4089783152522958,0.4878793292619022
197496,0.1,0.8534909671683066,0.8382768101583629
197712,0.5,0.4019586663653035,0.4929028123286108
197928,0.1,0.8502157628272572,0.846271470932143
198144,0.5,0.4061448112529175,0.4993907736426657
198360,0.1,0.8546183958446418,0.8337452059151933
198576,0.5,0.4132671031973083,0.4962893179902047
198792,0.1,0.8671901776207837,0.8464209891203198
199008,0.5,0.4057146616219004,0.4998019673905738
199224,0.1,0.8483879508916522,0.8350555326155908
199440,0.5,0.4078575700989094,0.5054682385573832
199656,0.1,0.8548273709443825,0.8401161081619334
199872,0.5,0.4185610553806393,0.5015027339896323
200088,0.1,0.8550641905787182,0.8450128932383535
200304,0.5,0.4022623269202051,0.4971281374871739
200520,0.1,0.8662367804035889,0.8439596418924683
200736,0.5,0.4158867735621526,0.5005368766659946
200952,0.1,0.8500475769350855,0.8502381536549124
201168,0.5,0.4037880740302328,0.4932942204866585
201384,0.1,0.8545360030790421,0.83913971675284
201600,0.5,0.4133392403962264,0.495881650581893
201816,0.1,0.8511007402536124,0.839479907946815
202032,0.5,0.4060231529163111,0.4989594571541469
202248,0.1,0.8681614061071022,0.8533091890295598
202464,0.5,0.4168824669513626,0.5105230622337671
202680,0.1,0.854760013873769,0.8366546693644711
202896,0.5,0.4042135058003173,0.4748913176778188
203112,0.1,0.8580274725097143,0.8434614638223807
203328,0.5,0.405450536804397,0.4879594138075883
203544,0.1,0.8635298030972182,0.8508450097216942
203760,0.5,0.3891985753292259,0.4923190603889938
203976,0.1,0.8596803560969442,0.8260019965237128
204192,0.5,0.4103934046315455,0.4940109349826975
204408,0.1,0.8566521680948839,0.8373198734557916
204624,0.5,0.4035343719815848,0.5109185873418945
204840,0.1,0.8558585514028748,0.8465885175995966
205056,0.5,0.4039527948467147,0.4906545176263488
205272,0.1,0.8543342432800058,0.8248215027872817
205488,0.5,0.4080212907747695,0.4898187567509342
205704,0.1,0.8636687640780157,0.8499382643435592
205920,0.5,0.4032311777128378,0.4977375759121595
206136,0.1,0.8605716681520874,0.8367240442933072
206352,0.5,0.3990870081461324,0.4940895298153056
206568,0.1,0.8538153722958646,0.8357581210970438
206784,0.5,0.4086169069835654,0.4910558060949883
207000,0.1,0.8454665181676521,0.8213609709753349
207216,0.5,0.4005260548476123,0.4989112222212282
207432,0.1,0.8604127671355302,0.8264372496490037
207648,0.5,0.4088653001796423,0.5172427060766244
207864,0.1,0.8539471658443994,0.8315315660904006
208080,0.5,0.4091728461716474,0.4967206476800838
208296,0.1,0.8587291057811594,0.838924753927934
208512,0.5,0.410140680933874,0.5038399685364651
208728,0.1,0.8610830467601811,0.8343231875284074
208944,0.5,0.4037794564806958,0.5095234905940693
209160,0.1,0.8620350542055307,0.8511751628544172
209376,0.5,0.4134385768648,0.5081856549521554
209592,0.1,0.8527879913790819,0.8397196059690848
209808,0.5,0.4070541654848296,0.5002275018413627
210024,0.1,0.8639786629790223,0.8447585590616816
210240,0.5,0.4138105966196601,0.5126521197750022
210456,0.1,0.8534364027432858,0.8214425860039408
210672,0.5,0.4222409672253028,0.4973785200976989
210888,0.1,0.8506220485019418,0.848016773987376
211104,0.5,0.4046617930557395,0.5030394555043461
211320,0.1,0.8581296985830937,0.8389522431901212
211536,0.5,0.4094540921973169,0.496452665769839
211752,0.1,0.8614341792631178,0.8292530407694793
211968,0.5,0.4079628393801369,0.502030134374498
212184,0.1,0.856912920751974,0.8489157753167398
212400,0.5,0.3961880200516093,0.5002874780164838
212616,0.1,0.8520576096151593,0.8417652503702
212832,0.5,0.3978938138616337,0.4934152155806835
213048,0.1,0.857544072143658,0.8353890569776833
213264,0.5,0.413308610941724,0.5075840673035406
213480,0.1,0.8577149570322408,0.8474810065041852
213696,0.5,0.4202723550636365,0.4901465779299478
213912,0.1,0.8666486225232933,0.8404367497655437
214128,0.5,0.3961153906124222,0.4871093589102577
214344,0.1,0.8413345556125766,0.8476637850537151
214560,0.5,0.4000595733864961,0.5110775521530478
214776,0.1,0.8593438900208068,0.8383661886761097
214992,0.5,0.3987839126027519,0.4937033809960458
215208,0.1,0.8548618368665574,0.8358558109151757
215424,0.5,0.4010348734363883,0.4882580887506403
215640,0.1,0.8522516437116462,0.8249800877520578
215856,0.5,0.3936393320178457,0.4726835450252689
216072,0.1,0.8470204758772156,0.8347217981020993
216288,0.5,0.4145352883499708,0.5075903418958508
216504,0.1,0.8526277254857872,0.837870792014065
216720,0.5,0.4034487511197586,0.4907480328685307
216936,0.1,0.8481141318441057,0.8276361632872444
217152,0.5,0.4134789163315441,0.500139534274848
217368,0.1,0.847145236824334,0.8318438449643043
217584,0.5,0.4150218979805797,0.4952048614927568
217800,0.1,0.858571522484657,0.8425928888757613
218016,0.5,0.4060304654616127,0.5057566235900639
218232,0.1,0.8517538393293311,0.8451457296275963
218448,0.5,0.4056871819104419,0.485209839186379
218664,0.1,0.8540738558379002,0.8426400080020159
218880,0.5,0.4039478235798059,0.5027711842327827
219096,0.1,0.8580141965942922,0.846880314563188
219312,0.5,0.4121938804354243,0.5161541895812767
219528,0.1,0.8603446390633366,0.8479302600350205
219744,0.5,0.418064066634479,0.5085862201257482
219960,0.1,0.8603356441574594,0.8339062229454971
220176,0.5,0.4145772140514869,0.4976207243486334
220392,0.1,0.8532905139863677,0.838248443607466
220608,0.5,0.4028367764083491,0.504705442361363
220824,0.1,0.8662386496818865,0.8367877658025316
221040,0.5,0.4057093952703365,0.504300524557356
221256,0.1,0.8581920903199041,0.8375276653064971
221472,0.5,0.4031428186858815,0.4931028263288513
221688,0.1,0.8496101880767759,0.8448310747438167
221904,0.5,0.4101949398028947,0.4940673794366844
222120,0.1,0.8338468158218149,0.8461503842486432
222336,0.5,0.4066387309238808,0.5066636676583456
222552,0.1,0.8666299453628855,0.8530939961222849
222768,0.5,0.3980247715994961,0.5013214381053871
222984,0.1,0.8517790539972142,0.8418927477023957
223200,0.5,0.412391190418268,0.5034789960788929
223416,0.1,0.8596111154902798,0.8343824636903895
223632,0.5,0.4161147817198203,0.500234541354976
223848,0.1,0.8531200415735617,0.8462825800456089
224064,0.5,0.4030011022015788,0.4990463602133523
224280,0.1,0.8530875839615315,0.8362104020577306
224496,0.5,0.4157442390183307,0.5061173376910366
224712,0.1,0.8584551024024435,0.8241466181154569
224928,0.5,0.4032380566099012,0.4874628597223915
225144,0.1,0.8557789633960512,0.8354820005117958
225360,0.5,0.4061821871780779,0.4965929584373972
225576,0.1,0.8551967512911031,0.844372852657826
225792,0.5,0.3983116914789512,0.4868169734582598
226008,0.1,0.8600041851369012,0.839505940160737
226224,0.5,0.4148179028949563,0.4752902616091277
226440,0.1,0.8524055478019406,0.8433993917116095
226656,0.5,0.4205764092081553,0.5159250246245427
226872,0.1,0.8610580130031203,0.8445430890740634
227088,0.5,0.4106609867707948,0.4915878163661409
227304,0.1,0.8497454775129359,0.8304788906405502
227520,0.5,0.4011280704485097,0.4908731136905072
227736,0.1,0.8587760301025128,0.8383343081350751
227952,0.5,0.3928270074390377,0.4947527534096244
228168,0.1,0.8585278964785171,0.8435252221598009
228384,0.5,0.411920915076897,0.500273532987181
228600,0.1,0.8577069134016899,0.8349413285192054
228816,0.5,0.3869894359851038,0.4831072658953577
229032,0.1,0.8540310057336411,0.8450420182334419
229248,0.5,0.4167208955575441,0.4955724534652169
229464,0.1,0.8627979653337544,0.839916937379098
229680,0.5,0.4047836834211227,0.5055967496766981
229896,0.1,0.8592096624378442,0.8459134555194012
230112,0.5,0.3943275324439559,0.4870277432020509
230328,0.1,0.8550194953403117,0.8422406466761297
230544,0.5,0.4209698488348475,0.5137570314808766
230760,0.1,0.8471072145074855,0.834441636731406
230976,0.5,0.4199782451189121,0.4983010528496172
231192,0.1,0.8522645744694423,0.8418460939939364
231408,0.5,0.4095967055232972,0.5022851063719372
231624,0.1,0.8625643427484738,0.8395822913909504
231840,0.5,0.404395354511134,0.4975010409345188
232056,0.1,0.8561495758739724,0.8490915295972994
232272,0.5,0.4181482626708902,0.510414046364233
232488,0.1,0.8532057264224916,0.8277595909963732
232704,0.5,0.4116060209471821,0.4989558340120663
232920,0.1,0.8556316972584852,0.8363645208395222
233136,0.5,0.4034900229429513,0.489638207568513
233352,0.1,0.8709620448764318,0.8383219737391682
233568,0.5,0.4061413762169161,0.513697133624485
233784,0.1,0.8621961833714376,0.8358430199371525
234000,0.5,0.4052278065627281,0.5023362941741972
234216,0.1,0.8619683680807887,0.8413293485705698
234432,0.5,0.4049784468153406,0.5043435737285972
234648,0.1,0.8588651744400196,0.843342918687667
234864,0.5,0.4134196625439678,0.5019096212827595
235080,0.1,0.8525247054265715,0.8478245203966708
235296,0.5,0.4120622898369995,0.4938892016004731
235512,0.1,0.8673484361838608,0.8337190384482954
235728,0.5,0.4112739735599647,0.4949121302181573
235944,0.1,0.8566871037642432,0.8409118917799825
236160,0.5,0.4169853117970121,0.4937267659241621
236376,0.1,0.8582308949312057,0.836211615379566
236592,0.5,0.4007291165034463,0.4840521170145164
236808,0.1,0.8547595915384518,0.8458521615266832
237024,0.5,0.4101378061321592,0.5011966562919956
237240,0.1,0.8424763359931213,0.8348502131916059
237456,0.5,0.4054147199334755,0.4979132557565763
237672,0.1,0.8515781743373476,0.848559980699444
237888,0.5,0.4135118136939684,0.4960383932509223
238104,0.1,0.8526330756985875,0.8331629400955144
238320,0.5,0.4086476972373503,0.5062784213736393
238536,0.1,0.8427707116864903,0.8328193828366759
238752,0.5,0.411835013551386,0.4900107451933428
238968,0.1,0.8575061207922728,0.8364926716170186
239184,0.5,0.4149618776367014,0.5166436774397556
239400,0.1,0.8660848862341466,0.857727642273098
239616,0.5,0.418741549672525,0.5064441481933271
239832,0.1,0.8544330474835314,0.8317620453617646
240048,0.5,0.4033528913782042,0.4968172457844239
240264,0.1,0.8760542987917481,0.835941834873214
240480,0.5,0.4182418685462584,0.5042707998068553
240696,0.1,0.858788860808056,0.8452264642764655
240912,0.5,0.4073698550326739,0.485914179527713
241128,0.1,0.8529233518039645,0.8284996673836534
241344,0.5,0.4007832809417881,0.4895967096736746
241560,0.1,0.856758188545679,0.8428969404247673
241776,0.5,0.4128501768210807,0.5009895006555619
241992,0.1,0.864613875583738,0.8454838628241764
242208,0.5,0.3864872216681603,0.4907509609188764
242424,0.1,0.8639010160425334,0.836537091560088
242640,0.5,0.4097485499732666,0.4925551194132728
242856,0.1,0.863401083712578,0.8429241349162011
243072,0.5,0.4134683446884052,0.5088263837821625
243288,0.1,0.8645793668057362,0.835789370839631
243504,0.5,0.403184384725177,0.4912154536512833
243720,0.1,0.8608535544571922,0.8489970117143701
243936,0.5,0.4058140757727297,0.4931497663948378
244152,0.1,0.8495519365395034,0.8428728479617965
244368,0.5,0.3854120469329259,0.479604946259239
244584,0.1,0.849178267900864,0.8350524025775973
244800,0.5,0.4056219728980739,0.5129205582261926
245016,0.1,0.8497365576728374,0.8500404547682829
245232,0.5,0.4051976188341404,0.5089366015928074
245448,0.1,0.8667348910938599,0.8426346381187971
245664,0.5,0.4081718667681195,0.4984155156445899
245880,0.1,0.8684262322410424,0.8535884129028571
246096,0.5,0.3975579920695544,0.4793476216906991
246312,0.1,0.8556670561941705,0.8305409728250344
246528,0.5,0.4029079263831079,0.497655893264218
246744,0.1,0.8541976930391861,0.8352522299665348
246960,0.5,0.4180651499749839,0.5005323592829624
247176,0.1,0.8607671758505105,0.8315469085255942
247392,0.5,0.394868433238304,0.4870468463420396
247608,0.1,0.8581880404723523,0.828710169243682
247824,0.5,0.4128144620050388,0.5010701917077671
248040,0.1,0.8601841395676563,0.8329582850151327
248256,0.5,0.4006157979110699,0.4944431008811158
248472,0.1,0.8487126867269678,0.8408940643180233
248688,0.5,0.4077209667987143,0.5028446425432717
248904,0.1,0.8519011599332742,0.8445389217007147
249120,0.5,0.3952761101597401,0.487648060265497
249336,0.1,0.8516192887379161,0.8317520425068058
249552,0.5,0.4281248795021437,0.5134112284502413
249768,0.1,0.8529447823597743,0.8318868285037039
249984,0.5,0.4048581372155981,0.5050662919986789
250200,0.1,0.8517014135846488,0.8372304329513915
250416,0.5,0.4081650052497771,0.4925266884922281
250632,0.1,0.8597981747904315,0.8394186708656355
250848,0.5,0.4086750772988508,0.4976373400919007
251064,0.1,0.8632684767604316,0.8480531237247759
251280,0.5,0.4132582542013988,0.4821126435828016
251496,0.1,0.8492171639928391,0.8248050477733482
251712,0.5,0.4021855817160976,0.4948585372981315
251928,0.1,0.8637712281988281,0.8278623496455851
252144,0.5,0.3977846930331064,0.4916225048665862
252360,0.1,0.8552328342394125,0.8304942883343677
252576,0.5,0.4151979359736459,0.5035607816218167
252792,0.1,0.8510828678032749,0.838179300528724
253008,0.5,0.4033667952077758,0.4981814253642877
253224,0.1,0.8554833024182144,0.8456396897824664
253440,0.5,0.4002047818952226,0.4852804124306178
253656,0.1,0.8581980378966793,0.8453339188012431
253872,0.5,0.4083511930924046,0.506604681109806
254088,0.1,0.8508717303533537,0.8347891536211783
254304,0.5,0.3950242675743828,0.5027109773019783
254520,0.1,0.85031194334039,0.8368408318217989
254736,0.5,0.4138949748056829,0.504789092956729
254952,0.1,0.8560037571366967,0.8214545037746217
255168,0.5,0.4141371808680729,0.5017897576075281
255384,0.1,0.8566245482551217,0.8365629223891665
255600,0.5,0.4073895797891504,0.4992159166398675
255816,0.1,0.8496678873162893,0.8327907465426289
256032,0.5,0.4250110232404976,0.4952750129253294
256248,0.1,0.8663291424882849,0.841319323776239
256464,0.5,0.4023805275295249,0.5086881711925368
256680,0.1,0.8563349051155329,0.8446473729455266
256896,0.5,0.4068483611119686,0.4836700287471099
257112,0.1,0.8495303148433802,0.8330520970038903
257328,0.5,0.418981997830458,0.4975990052984154
257544,0.1,0.862987245184069,0.8278623234964053
257760,0.5,0.4155374185789122,0.5036006397931273
257976,0.1,0.860076608924924,0.8401164125638353
258192,0.5,0.4105146448698697,0.4870628888446661
258408,0.1,0.8581640813929364,0.8503553990628023
258624,0.5,0.4196242113791975,0.4966276856484829
258840,0.1,0.8584676502375256,0.833518246067516
259056,0.5,0.4106210266892375,0.4891940713477213
259272,0.1,0.8529522275753412,0.8426766210897269
259488,0.5,0.4133369160312098,0.4956964898466351
259704,0.1,0.8484381822986649,0.8455212240770775
259920,0.5,0.3919327530914641,0.4899860173263445
260136,0.1,0.8570011230042026,0.8375031510503522
260352,0.5,0.4081018483155101,0.5038653232057014
260568,0.1,0.8688254288462286,0.8435883948402113
260784,0.5,0.4002939095223701,0.4922700244570064
261000,0.1,0.8551144724269508,0.8381923574963568
261216,0.5,0.4047929583765408,0.4982511332660662
261432,0.1,0.8663570236241825,0.8359360961513441
261648,0.5,0.4051305771260379,0.5119743138330187
261864,0.1,0.8507359566516242,0.8411789504025561
262080,0.5,0.4185646969640369,0.4974014200713098
262296,0.1,0.8497282028958033,0.8467451642744629
262512,0.5,0.4097227080718511,0.4987765871403317
262728,0.1,0.8479989819065188,0.8424084240938674
262944,0.5,0.4106817256530424,0.496185942602213
263160,0.1,0.8649513983939705,0.8427834569538559
263376,0.5,0.4050189014047424,0.4849220305385938
263592,0.1,0.8698629182827636,0.8497893996440061
263808,0.5,0.4074689493265698,0.487760467793588
264024,0.1,0.8775808772437479,0.8394147392944749
264240,0.5,0.4199264197734667,0.5110310957493749
264456,0.1,0.8586537968556383,0.8427211925989004
264672,0.5,0.4127566893497241,0.5001651539910381
264888,0.1,0.843456492204443,0.8495281060726151
265104,0.5,0.4023680597263053,0.5029281726872054
265320,0.1,0.8657392756275555,0.8326668497537848
265536,0.5,0.4117332415834527,0.4945974918074165
265752,0.1,0.8596811751554992,0.8475249942156657
265968,0.5,0.412038682015028,0.4957544323409324
266184,0.1,0.8382959595634988,0.8306319713986666
266400,0.5,0.3896770146727526,0.5058564926958623
266616,0.1,0.8536741901579704,0.8367052430829532
266832,0.5,0.4163376202865826,0.5100285444318293
267048,0.1,0.8581479394564672,0.8240278290665327
267264,0.5,0.4156099577458167,0.5071297067973578
267480,0.1,0.8539016733163298,0.839602995729033
267696,0.5,0.3949021824098235,0.4917147686175134
267912,0.1,0.8603817973745774,0.8535178305068158
268128,0.5,0.4004811689037993,0.4913950505243727
268344,0.1,0.8641547816284154,0.8314580180038643
268560,0.5,0.4084231731721748,0.4965154333177768
268776,0.1,0.8603778642010538,0.8404448978108574
268992,0.5,0.4088130417751769,0.4946375699047866
269208,0.1,0.8584622826344104,0.8503091748107298
269424,0.5,0.4129178300032125,0.5046773808437913
269640,0.1,0.8509061810774067,0.8424954590587752
269856,0.5,0.4040682706485363,0.5034553618365226
270072,0.1,0.8631782588905046,0.8392044100488494
270288,0.5,0.3918082488023026,0.4955065875256982
270504,0.1,0.8556211055961161,0.8460867501060092
270720,0.5,0.4079165446561461,0.5028764285558711
270936,0.1,0.8505664515134379,0.8479760039345957
271152,0.5,0.4132485480835777,0.4977715658084905
271368,0.1,0.8596950062890362,0.8377017476622471
271584,0.5,0.4028208191481339,0.4994004756938484
271800,0.1,0.8476400271657293,0.8189620506346322
272016,0.5,0.4152844609319384,0.5110138146923636
272232,0.1,0.8519079790410024,0.829624690040632
272448,0.5,0.4101716664155544,0.4967307042592997
272664,0.1,0.8464203415684133,0.8383055022736162
272880,0.5,0.3915474941653301,0.4876892196406168
273096,0.1,0.8737114796502128,0.8238207423585218
273312,0.5,0.4118897958297073,0.5049278359719235
273528,0.1,0.8426922896384039,0.849685623172006
273744,0.5,0.4160399267077474,0.499151591287214
273960,0.1,0.8693020381560246,0.8453597315406027
274176,0.5,0.405450310370655,0.4943247749275934
274392,0.1,0.8522121472117257,0.8300594047228494
274608,0.5,0.4123194299012386,0.5012590701351058
274824,0.1,0.8628785140274657,0.8346334477346806
275040,0.5,0.4036973924359641,0.5044210279894809
275256,0.1,0.8463084198765377,0.8522809363951823
275472,0.5,0.4160706967402291,0.5047296811955304
275688,0.1,0.8622222061095856,0.8380940989383971
275904,0.5,0.4115129024764622,0.4903275428408266
276120,0.1,0.853203330139439,0.8239618999516584
276336,0.5,0.3989554339836587,0.4863697945313056
276552,0.1,0.865871721065638,0.8464561927875817
276768,0.5,0.4074901180240253,0.5033062709230224
276984,0.1,0.8510648800669018,0.8238371543241654
277200,0.5,0.4162303487565473,0.5045566051718431
277416,0.1,0.8599449571287053,0.8418956025277612
277632,0.5,0.4039476540914174,0.4851794394755838
277848,0.1,0.861109127257157,0.8424693143764992
278064,0.5,0.4110496295732702,0.4977194606586904
278280,0.1,0.8474928183613512,0.831971378999792
278496,0.5,0.4007482714497953,0.4937497551988762
278712,0.1,0.849064086350941,0.83894542265499
278928,0.5,0.4115118980944492,0.5079569665820687
279144,0.1,0.865154038282994,0.8452772476630963
279360,0.5,0.3939760806310141,0.485270765340472
279576,0.1,0.8610742130400643,0.8350281680781673
279792,0.5,0.4128009125321779,0.513082292483059
280008,0.1,0.851603424849748,0.8302968518361139
280224,0.5,0.401590073369001,0.4938432599239158
280440,0.1,0.8608283233066281,0.8332221599303966
280656,0.5,0.4150257853595556,0.5124064110122037
280872,0.1,0.8687077415874187,0.8436400713525585
281088,0.5,0.413469234115752,0.5050536117174502
281304,0.1,0.8574098801611938,0.8471885191027565
281520,0.5,0.3986032692568369,0.4845904262771581
281736,0.1,0.8541048624509925,0.8418543859681753
281952,0.5,0.4130254596135133,0.4811701341608896
282168,0.1,0.8589050059747493,0.8422742017468514
282384,0.5,0.4032641410842814,0.4783428110728088
282600,0.1,0.8624229298089778,0.8429727645231542
282816,0.5,0.4094972007181465,0.4937637334790313
283032,0.1,0.855040043801922,0.8377197807930438
283248,0.5,0.4183302340412222,0.4972430317625252
283464,0.1,0.8509427151008923,0.8411717055843293
283680,0.5,0.4041733171706323,0.507631158363037
283896,0.1,0.8659259763759107,0.8370213553289806
284112,0.5,0.4083289096666552,0.4940233091441782
284328,0.1,0.8599569374544628,0.8496114292740303
284544,0.5,0.4034931709293798,0.4991171844579185
284760,0.1,0.8596980436956856,0.8474392711976132
284976,0.5,0.3954233788242744,0.5077203332347915
285192,0.1,0.8554745123086519,0.8409895634777991
285408,0.5,0.401805581131781,0.5023440762436177
285624,0.1,0.8519572054141968,0.8492830369181125
285840,0.5,0.4126737187731546,0.4932526597307152
286056,0.1,0.8586104777151857,0.822155075699992
286272,0.5,0.4138014850934282,0.5005848205833772
286488,0.1,0.8557694497741349,0.8421392405206862
286704,0.5,0.4072742129355787,0.5074119132600671
286920,0.1,0.853202165515087,0.8406054543760177
287136,0.5,0.3981336441474111,0.4791532312387164
287352,0.1,0.8638685856793735,0.8406222791144522
287568,0.5,0.4038854225974746,0.4992961226007122
287784,0.1,0.8614824722365628,0.8469293164656783
288000,0.5,0.401383838388431,0.4914978839388431
288216,0.1,0.8550982016654445,0.8391315486794722
288432,0.5,0.4058328416281423,0.488640469350166
288648,0.1,0.8455755166466002,0.8295175166188011
288864,0.5,0.4022884039801691,0.5034746283886888
289080,0.1,0.8633281793410087,0.8496160190547216
289296,0.5,0.4152958204699388,0.49138379968523
289512,0.1,0.861625901096634,0.8308839653285734
289728,0.5,0.4011835138401423,0.5012198382668895
289944,0.1,0.8604795852200892,0.8515615999808471
290160,0.5,0.3925967363188071,0.4990125813459083
290376,0.1,0.8525030685810587,0.8504705687669617
290592,0.5,0.3969802414507072,0.5018906698285833
290808,0.1,0.8624239305260136,0.8536003983267847
291024,0.5,0.4028572843916647,0.4916560361480157
291240,0.1,0.8524621491759806,0.8318146918833648
291456,0.5,0.396403453663968,0.4959519861190883
291672,0.1,0.8609274933909516,0.8364922228946683
291888,0.5,0.4098358198302272,0.5002573579625411
292104,0.1,0.8603637557859648,0.8451984046498427
292320,0.5,0.4063944352569137,0.5099171545774788
292536,0.1,0.8583599421379178,0.8351751880462713
292752,0.5,0.4185443628298808,0.50211156811383
292968,0.1,0.8591215292771476,0.8286074287177044
293184,0.5,0.4027936073339358,0.5006401746816631
293400,0.1,0.8469620318582239,0.8498859281473965
293616,0.5,0.4087870841458934,0.499812523631252
293832,0.1,0.8624226960419488,0.8536677155319837
294048,0.5,0.4102235592428013,0.4992556851632727
294264,0.1,0.856460213458981,0.8375872825305195
294480,0.5,0.4005408472812932,0.4972114017781884
294696,0.1,0.8578640953877003,0.851069375022244
294912,0.5,0.40889230999108,0.5061559316421775
295128,0.1,0.8659115115545066,0.8305012435080676
295344,0.5,0.4027824221750863,0.5066723359219238
295560,0.1,0.8643924039247463,0.8403427889113085
295776,0.5,0.4122504622814837,0.4921273249811757
295992,0.1,0.8512630224146637,0.8344437127978772
296208,0.5,0.4126704358136433,0.4951475856399764
296424,0.1,0.8627315846352954,0.8306114698711937
296640,0.5,0.4069645791922399,0.4949189791629382
296856,0.1,0.8571702426316244,0.8332536146004423
297072,0.5,0.4150389280966898,0.50179765876222
297288,0.1,0.856976691217467,0.8485595881990571
297504,0.5,0.40175121615204,0.4960527197033647
297720,0.1,0.8497758387741322,0.8402886958529255
297936,0.5,0.4021074196088951,0.5027127979245024
298152,0.1,0.8609048839210076,0.842540212831461
298368,0.5,0.4062616999373596,0.5077515416278809
298584,0.1,0.8608410989212285,0.837124767261435
298800,0.5,0.4047981564072514,0.4904156459763142
299016,0.1,0.8509550664369308,0.8325508116847815
299232,0.5,0.408919273981142,0.4990079727654053
299448,0.1,0.854695580248241,0.8556957784391654
299664,0.5,0.4041641446085171,0.5047314073881392
299880,0.1,0.8581846823270416,0.8452418220087233
300096,0.5,0.4081545443977759,0.5017087829030603
300312,0.1,0.8668003220594778,0.8467220383410071
300528,0.5,0.4088711940861522,0.4909231109211415
300744,0.1,0.8545980100299299,0.8363922332040058
300960,0.5,0.4081245205901958,0.4892020374191314
301176,0.1,0.8566940112866522,0.8377203102326027
301392,0.5,0.4200185047995113,0.5093626688817297
301608,0.1,0.8503939937702831,0.8364226878730099
301824,0.5,0.4033800355682287,0.4902991463174292
302040,0.1,0.8572720895969812,0.8454063004241898
302256,0.5,0.3997232370084393,0.4934330018271279
302472,0.1,0.8649175774400433,0.8294926151529459
302688,0.5,0.4196266670727869,0.5079112727341054
302904,0.1,0.857400969272759,0.8338654147249975
303120,0.5,0.4107397239097895,0.4895931461869359
303336,0.1,0.8602896966593986,0.8334760655028317
303552,0.5,0.4152498913453024,0.5057995773774655
303768,0.1,0.8513523787815924,0.843185044674989
303984,0.5,0.4100242250740559,0.5005980270278054
304200,0.1,0.856593159145258,0.8366079827564552
304416,0.5,0.4098688799472129,0.5065758945308491
304632,0.1,0.8410522192554434,0.8393199809131208
304848,0.5,0.4094854151681595,0.5060700821296135
305064,0.1,0.8424334984657768,0.8431800971657267
305280,0.5,0.397033515153289,0.4977470931598928
305496,0.1,0.8598236361146789,0.8326430987615184
305712,0.5,0.4035816435740094,0.4942709580528613
305928,0.1,0.8604076514424378,0.8485169850761046
306144,0.5,0.4099145364334067,0.508222379146476
306360,0.1,0.8529446100055053,0.8454742225906788
306576,0.5,0.4139833983207652,0.5099081551693478
306792,0.1,0.8576625520401671,0.8469151791866752
307008,0.5,0.412680363831319,0.5023219976543217
307224,0.1,0.8574162577496786,0.824590141632532
307440,0.5,0.4048562046678762,0.5086805627910642
307656,0.1,0.8570873530778393,0.8436116175464201
307872,0.5,0.4046983861605461,0.49831156487014
308088,0.1,0.8527710007976294,0.8357434463725683
308304,0.5,0.4122366329875094,0.5078061096905939
308520,0.1,0.8514307285327117,0.8428765666711285
308736,0.5,0.406900636350419,0.4990652551203809
308952,0.1,0.8644055852517932,0.8375758796009759
309168,0.5,0.3914937220558894,0.4893739805649796
309384,0.1,0.8623665321259257,0.8366872926508958
309600,0.5,0.4008368999361385,0.4995517248958373
309816,0.1,0.8694319297216839,0.862306358210221
310032,0.5,0.4144390532548245,0.5150383457981823
310248,0.1,0.8653697393933396,0.8390397859726169
310464,0.5,0.403316637894547,0.513056503555681
310680,0.1,0.8450804094381182,0.8317545378409781
310896,0.5,0.405482785752542,0.4894515145782857
311112,0.1,0.8538568293839889,0.8348828193430538
311328,0.5,0.3992558702391116,0.4907103530011635
311544,0.1,0.861222426884235,0.8430849666270847
311760,0.5,0.4202529784687977,0.4988777329856691
311976,0.1,0.8505961283014511,0.8393617278680572
312192,0.5,0.400571763129935,0.4990694056323395
312408,0.1,0.8566871340739398,0.8368012317333913
312624,0.5,0.4064607147408662,0.4898280337868254
312840,0.1,0.8635813203485172,0.8344354715376674
313056,0.5,0.409006853062629,0.4892017037267805
313272,0.1,0.8600848137336687,0.8311776511348461
313488,0.5,0.4064709189885099,0.4896163946564059
313704,0.1,0.8595616225882666,0.8525846220488214
313920,0.5,0.4188542684357549,0.507150737003287
314136,0.1,0.8657755104755398,0.8486158304658793
314352,0.5,0.4111634648108145,0.502333873653691
314568,0.1,0.8504790852453213,0.8348506530860743
314784,0.5,0.4150994519573321,0.4969758075563777
315000,0.1,0.8659112304160468,0.828265491220234
315216,0.5,0.4069871009267362,0.4999472061244351
315432,0.1,0.8541830012795556,0.8448057484631597
315648,0.5,0.4061224505498685,0.5027627046912461
315864,0.1,0.8537456761296949,0.8312509824411479
316080,0.5,0.412667637467785,0.4990164227589191
316296,0.1,0.8617288180300062,0.8445241424168347
316512,0.5,0.4072262699927846,0.4800001753846381
316728,0.1,0.8604696941870418,0.8430377096703557
316944,0.5,0.426290168174138,0.4992197875795197
317160,0.1,0.8577779514548745,0.8472222079804043
317376,0.5,0.4150979739217204,0.4970233911933734
317592,0.1,0.848007649341728,0.8360623151689955
317808,0.5,0.3980513060169984,0.48841034241812
318024,0.1,0.8493744287094755,0.8296335113510849
318240,0.5,0.4162673451693321,0.5075820908620816
318456,0.1,0.8564473437251046,0.8204462721104548
318672,0.5,0.4039795964960002,0.4983158158518042
318888,0.1,0.8687479969046394,0.8407081635199292
319104,0.5,0.3944170688125038,0.4981288954561328
319320,0.1,0.8630859808913033,0.8371747025124034
319536,0.5,0.4112629034573066,0.5010005223275897
319752,0.1,0.8535059936102711,0.8389853467485336
319968,0.5,0.4116339172261005,0.5040764829660914
320184,0.1,0.8700870626326072,0.8255853119828894
320400,0.5,0.4105230075571989,0.4956117038102319
320616,0.1,0.8583115140314994,0.8479855129020656
320832,0.5,0.4133673718561982,0.4977911701792486
321048,0.1,0.849959075178232,0.8362994931004476
321264,0.5,0.4065851583617934,0.506151804511535
321480,0.1,0.8530081147734992,0.8298250482016474
321696,0.5,0.4100508232040628,0.512969007314122
321912,0.1,0.8565655062558369,0.837766734520242
322128,0.5,0.4085692846793401,0.5082960025705314
322344,0.1,0.8637500344350789,0.8369171390120543
322560,0.5,0.4026347433687968,0.4932775616384938
322776,0.1,0.8533590704095443,0.8466961010528402
322992,0.5,0.404530765838627,0.4857405527623769
323208,0.1,0.8654147100092904,0.8506860363551492
323424,0.5,0.4001215800166386,0.5121995119075935
323640,0.1,0.8546031869910672,0.8429645410411886
323856,0.5,0.4100150512298499,0.5179946340271422
324072,0.1,0.8648091758889425,0.8321532992210652
324288,0.5,0.3953001478037133,0.4839816240937385
324504,0.1,0.8568348106181276,0.840136534778525
324720,0.5,0.4038349546835693,0.4858118738830614
324936,0.1,0.8617657619469944,0.8359134379485691
325152,0.5,0.3993725456304376,0.4968719395273309
325368,0.1,0.8510382358288153,0.8271730824436645
325584,0.5,0.3983457254091266,0.5025480485450968
325800,0.1,0.8543866819738719,0.8413623520839263
326016,0.5,0.4049372744623907,0.5114016768758539
326232,0.1,0.8609338216862148,0.826367306568054
326448,0.5,0.4146110200711773,0.490336454996898
326664,0.1,0.8571817860089699,0.8318894566628454
326880,0.5,0.4158995675934606,0.502594358135217
327096,0.1,0.8594241318007344,0.843689549671379
327312,0.5,0.3987294081603181,0.5064230591864293
327528,0.1,0.8675284132925476,0.8416252066983431
327744,0.5,0.3997979927177685,0.4861487141344066
327960,0.1,0.8542750431775713,0.8422305327866162
328176,0.5,0.38857299355984,0.4902161059596399
328392,0.1,0.8549554387680864,0.8294640363574952
328608,0.5,0.4166119284977754,0.5039416274552498
328824,0.1,0.8716334824690303,0.8432827464743948
329040,0.5,0.4149466892403944,0.4931284851137307
329256,0.1,0.8532911354054036,0.8413744962382274
329472,0.5,0.4136946414424208,0.5029648916744198
329688,0.1,0.8573878029322818,0.8290814117409038
329904,0.5,0.4009900806110193,0.489693317902019
330120,0.1,0.8534741217654749,0.8384336641113059
330336,0.5,0.3959618021423875,0.4950333545100099
330552,0.1,0.8615516660077782,0.8426992370291231
330768,0.5,0.3931517144090541,0.4871275696116401
330984,0.1,0.8615596062872076,0.8278993653118402
331200,0.5,0.4050021395012673,0.5020325894721863
331416,0.1,0.8503547486641244,0.8333778420961742
331632,0.5,0.4107952867046935,0.4909125605372681
331848,0.1,0.8625768539397192,0.834570176437767
332064,0.5,0.4114964069359878,0.4993104115213846
332280,0.1,0.8618078415635185,0.8441109116046722
332496,0.5,0.3985338841320079,0.483285827683869
332712,0.1,0.8568833516170217,0.8462433313311922
332928,0.5,0.3985537549476898,0.4913927865380632
333144,0.1,0.8443666969979456,0.8356557181037619
333360,0.5,0.410563724502918,0.5040194526921051
333576,0.1,0.8479948005814261,0.8452964624643691
333792,0.5,0.4083892296292531,0.5005736531382285
334008,0.1,0.8499829652410936,0.8372224804440078
334224,0.5,0.4132611997611733,0.5081313185599616
334440,0.1,0.8582259704906562,0.838627188845735
334656,0.5,0.4103757587163285,0.4931525081208557
334872,0.1,0.8576900270460254,0.839988618994151
335088,0.5,0.4006298311629692,0.5179443483460864
335304,0.1,0.8632008388024619,0.8328723334714789
335520,0.5,0.4209650131208444,0.5068665831327293
335736,0.1,0.8664461094324644,0.8480377129694453
335952,0.5,0.4108781851335397,0.4936761181543919
336168,0.1,0.8622874555628661,0.8433785346106033
336384,0.5,0.4165669036963158,0.5010124587199188
336600,0.1,0.8541385468267891,0.8396851720748103
336816,0.5,0.4114282917543506,0.4864516704979605
337032,0.1,0.8497803462485023,0.8447849033160638
337248,0.5,0.399259722401018,0.4877596225688218
337464,0.1,0.8552879350093424,0.8420754610684359
337680,0.5,0.4086082095142126,0.4887527962626714
337896,0.1,0.8545952997234533,0.8442481514338422
338112,0.5,0.4104881223492951,0.4928125227457385
338328,0.1,0.8485103366167885,0.8407466542269226
338544,0.5,0.4090340324168345,0.5114339423317925
338760,0.1,0.8596563863028844,0.8542212446752633
338976,0.5,0.4108077519578587,0.5070131968238274
339192,0.1,0.8671563170972632,0.8294322869067188
339408,0.5,0.4049680873655624,0.5061577368155169
339624,0.1,0.8561054776449718,0.8366041083664207
339840,0.5,0.4088838304729407,0.4911914495610281
340056,0.1,0.8542005308530187,0.8474050143714255
340272,0.5,0.4065394693829525,0.5087224279232675
340488,0.1,0.8513716920593051,0.8436784821447861
340704,0.5,0.4116996989931917,0.5135395298607836
340920,0.1,0.8587992163884829,0.834244381010144
341136,0.5,0.4131747112200086,0.5086843343452386
341352,0.1,0.8534990371753612,0.8383654288386616
341568,0.5,0.4039131831771578,0.4959875495782759
341784,0.1,0.8458962112512315,0.8378092183256349
342000,0.5,0.3952253587484114,0.4842009095565348
342216,0.1,0.8661563586180676,0.8381876944746307
342432,0.5,0.4103797024062111,0.4983807589094553
342648,0.1,0.8516987947990019,0.8367333008800464
342864,0.5,0.3958523661522741,0.4952363048186851
343080,0.1,0.8548089008223697,0.8325983759687312
343296,0.5,0.4021054084827677,0.4923303133165922
343512,0.1,0.8554454036736374,0.8435877324531857
343728,0.5,0.4062811735433368,0.5073021479959597
343944,0.1,0.8611784420515591,0.8331418103987456
344160,0.5,0.4087237528679566,0.5016079452398203
344376,0.1,0.854897771397513,0.8300115726329479
344592,0.5,0.3953548705939671,0.4958002488823792
344808,0.1,0.8518915973744932,0.8386600555038108
345024,0.5,0.4010132045731635,0.4895483855937417
345240,0.1,0.8523162245949685,0.8466519106446891
345456,0.5,0.4160623114807039,0.5047160592153294
345672,0.1,0.8537283124356202,0.8417132598180492
345888,0.5,0.4075385074836865,0.4903552382492807
346104,0.1,0.858150245114522,0.8470259496841556
346320,0.5,0.4112387588686672,0.4911950186666063
346536,0.1,0.862959789710874,0.8292026716692464
346752,0.5,0.4176494866980092,0.4997008908935635
346968,0.1,0.8549148790407907,0.8456900792464309
347184,0.5,0.4093516348836806,0.4931450582471674
347400,0.1,0.8679146908917664,0.8392527898527188
347616,0.5,0.4162523284027009,0.5014980576987851
347832,0.1,0.8429342483217751,0.8382222003497413
348048,0.5,0.4070825101879293,0.5088562371295777
348264,0.1,0.8524879602746087,0.8266454803997562
348480,0.5,0.4143066534293396,0.4818611661978609
348696,0.1,0.8509590606274636,0.837409741357016
348912,0.5,0.4119708698105678,0.508414002483406
349128,0.1,0.8437723373403755,0.8450371300477906
349344,0.5,0.4109454963036069,0.4910643134721169
349560,0.1,0.8573141636909065,0.8448650628017913
349776,0.5,0.4177763066716333,0.5127394314736394
349992,0.1,0.8635480668584347,0.8295264731907049
350208,0.5,0.3900420804030171,0.4874423672214466
350424,0.1,0.8617198138096823,0.8282791400980101
350640,0.5,0.3873761803865791,0.4939801663170302
350856,0.1,0.8667122940725416,0.8453667484460898
351072,0.5,0.415914072450992,0.5096222973249195
351288,0.1,0.8564833246164774,0.8435620753846846
351504,0.5,0.3999545290963932,0.4814011638825459
351720,0.1,0.8604072346098954,0.8470658424196005
351936,0.5,0.4128606135654128,0.5005546809760791
352152,0.1,0.8502475125670188,0.8381034549443869
352368,0.5,0.4034056636476246,0.5051416927311577
352584,0.1,0.8571575465392108,0.8445555226657988
352800,0.5,0.3964667377653392,0.4877753581040899
353016,0.1,0.8592068294396193,0.847519990537793
353232,0.5,0.4169539345328095,0.4970124588569352
353448,0.1,0.8513318753001344,0.8330633323931889
353664,0.5,0.4251849772226301,0.4937887593991295
353880,0.1,0.8510112857628946,0.8464726816599932
354096,0.5,0.3906689992180959,0.4983555724789332
354312,0.1,0.8615233191797934,0.8420821612471856
354528,0.5,0.4007018078562412,0.485739831131626
354744,0.1,0.8611532644471224,0.8424563396737673
354960,0.5,0.4161315430129803,0.4953996937546936
355176,0.1,0.8539587658074079,0.8346723537528663
355392,0.5,0.4037168692767679,0.5103203919635676
355608,0.1,0.8624843323232011,0.8517154318955726
355824,0.5,0.4016663056533631,0.4909420510493261
356040,0.1,0.8504754044189169,0.8364429313238654
356256,0.5,0.4261555719211374,0.5161215783048493
356472,0.1,0.8563860448712188,0.8369345518193383
356688,0.5,0.4006503878665616,0.505715740216251
356904,0.1,0.872339495743516,0.8439192990851683
357120,0.5,0.4142852554384308,0.4924861033946627
357336,0.1,0.83802013590586,0.8213255635300711
357552,0.5,0.4024017206622301,0.4826497599102819
357768,0.1,0.8511691131012163,0.8471547730100073
357984,0.5,0.4022517254993644,0.4820090729158419
358200,0.1,0.8499637144378844,0.8465561223120762
358416,0.5,0.3933418946099254,0.4986167313893201
358632,0.1,0.8581962811925719,0.8378374531685061
358848,0.5,0.4008708487519218,0.4964262099308261
359064,0.1,0.8559098365826499,0.8505438562129756
359280,0.5,0.3991197232373183,0.501636153980786
359496,0.1,0.8556298545182761,0.8378713081599151
359712,0.5,0.3966983178383216,0.4953028447534361
359928,0.1,0.85841121685917,0.8265477605331146
360144,0.5,0.4130116941405329,0.5006654055052888
360360,0.1,0.8583392891861231,0.8445683130265473
360576,0.5,0.4083360957919724,0.4991857414866635
360792,0.1,0.8527764287404852,0.8441811984910594
361008,0.5,0.406357983069458,0.4897150913158811
361224,0.1,0.8609673522841813,0.8424986490228217
361440,0.5,0.3954175341772117,0.484910830105885
361656,0.1,0.866440382559796,0.8524526042474752
361872,0.5,0.4075290754255187,0.511976628233512
362088,0.1,0.8555910042488091,0.8365996756494861
362304,0.5,0.4115649166924446,0.5015954852756473
362520,0.1,0.8492782511977414,0.8371650450233907
362736,0.5,0.4230583249271118,0.500947968471587
362952,0.1,0.8617516579125671,0.8274043954713121
363168,0.5,0.4108318744603919,0.4968895243140725
363384,0.1,0.8678638587247902,0.841654155908208
363600,0.5,0.4148067911030123,0.5084375341746334
363816,0.1,0.8620227983596379,0.8387373835910558
364032,0.5,0.4041370923649354,0.48611532803737
364248,0.1,0.8585411640978228,0.8470812833549537
364464,0.5,0.4117132555475782,0.5150741304236025
364680,0.1,0.8618847157845952,0.8476795835473176
364896,0.5,0.4267798351625811,0.5107062098390379
365112,0.1,0.8644742243467463,0.8394416692969499
365328,0.5,0.4119565986445101,0.4892553552541534
365544,0.1,0.8661171502915123,0.8485209113932162
365760,0.5,0.4152087098287097,0.4999041268195322
365976,0.1,0.8531507601975113,0.8426986036855044
366192,0.5,0.4114041382133125,0.4946337973311647
366408,0.1,0.8583644496629904,0.8478119772760786
366624,0.5,0.4091369873382354,0.4984352239011108
366840,0.1,0.8526126631401947,0.8429015952644383
367056,0.5,0.4240442955120123,0.5076187548744935
367272,0.1,0.8608224885836581,0.8535326181239903
367488,0.5,0.4078096254013046,0.4964200251564983
367704,0.1,0.8475432338151581,0.8470088947446047
367920,0.5,0.4058723146773925,0.4975015876317636
368136,0.1,0.8642128634725077,0.8388969170095564
368352,0.5,0.4048957721336617,0.4977529421024823
368568,0.1,0.8379116679339732,0.8393468471536899
368784,0.5,0.3979865676833423,0.4851795756291773
369000,0.1,0.853743288165585,0.834195760908935
369216,0.5,0.401035513014797,0.4886431407133162
369432,0.1,0.8546243593262968,0.829222849841973
369648,0.5,0.4043832342560765,0.5082694503772023
369864,0.1,0.8580198441817616,0.8417559643138312
370080,0.5,0.3984774538383693,0.4939677902869209
370296,0.1,0.8640732014214686,0.8333237845658806
370512,0.5,0.4099199125035993,0.4940240861406155
370728,0.1,0.8573777887767895,0.8333692869545094
370944,0.5,0.3995736584063878,0.4815245948297382
371160,0.1,0.8596000433349589,0.8479755726952835
371376,0.5,0.4042659041314695,0.4828730714347326
371592,0.1,0.8598666285214338,0.8391584124909428
371808,0.5,0.3941125745695397,0.4797435056773
372024,0.1,0.8563198949712536,0.8364317274919739
372240,0.5,0.4088877510763021,0.4846286737825345
372456,0.1,0.8519118789373256,0.8447968000046886
372672,0.5,0.4128062460328045,0.5008939367107845
372888,0.1,0.8617326601837222,0.8237826493755608
373104,0.5,0.4078221843941984,0.5034446253847585
373320,0.1,0.8692411640791917,0.8403757318965113
373536,0.5,0.4019441038204795,0.496548072960785
373752,0.1,0.8693943181887961,0.8326283291423667
373968,0.5,0.4065117904166252,0.5014366324502361
374184,0.1,0.8540150411473282,0.8369396543863151
374400,0.5,0.4009301923308585,0.512832418802171
374616,0.1,0.8575691537232621,0.8482870650008639
374832,0.5,0.3975233843294418,0.4963386855637064
375048,0.1,0.8689775835637543,0.8386780169442376
375264,0.5,0.3993701991949339,0.497967748188324
375480,0.1,0.861751068201102,0.8459206770132371
375696,0.5,0.4216126500888197,0.5161064512657891
375912,0.1,0.8498959407855959,0.8369315778732244
376128,0.5,0.3975839664918645,0.4915074172719446
376344,0.1,0.8526170123563347,0.835594169784879
376560,0.5,0.4280983388717474,0.5032800171936346
376776,0.1,0.8552466990327349,0.8369916149030995
376992,0.5,0.4009651352577334,0.4954799247593219
377208,0.1,0.8632694711809665,0.8383678962718375
377424,0.5,0.3974486228243632,0.4972821723807365
377640,0.1,0.8501474715256329,0.850350344582924
377856,0.5,0.4146380769682898,0.4898854026317567
378072,0.1,0.8700315116477149,0.8327534944156147
378288,0.5,0.4108796585597324,0.4966368575490144
378504,0.1,0.8562118743489046,0.8255431453710593
378720,0.5,0.4101693537486906,0.5005653465409521
378936,0.1,0.8648549682100003,0.8389779521026532
379152,0.5,0.4126019566756527,0.4914294256808029
379368,0.1,0.8589355390398434,0.8546910720543305
379584,0.5,0.4072692403558672,0.5004142231789804
379800,0.1,0.8525890975052752,0.8282629783433716
380016,0.5,0.4022414037026658,0.4937157179947906
380232,0.1,0.8568521875413494,0.8422639834147648
380448,0.5,0.4050280585005685,0.4996250895574969
380664,0.1,0.8621697503344526,0.8357696847181261
380880,0.5,0.4091050604104271,0.5076758415703713
381096,0.1,0.8498788326131702,0.8440238853380252
381312,0.5,0.410500420889068,0.4948285370486626
381528,0.1,0.8580761079007858,0.8365835498313983
381744,0.5,0.4031746515030541,0.4932727514543671
381960,0.1,0.8511519001292074,0.8435976487519872
382176,0.5,0.4101520615952123,0.5069932796064361
382392,0.1,0.8648868365406631,0.8391989672465883
382608,0.5,0.4076213387770109,0.4959756657516839
382824,0.1,0.8605791874260558,0.8451014102727704
383040,0.5,0.407959172624629,0.5007095006381593
383256,0.1,0.8641571214152778,0.842643093143985
383472,0.5,0.4067365878979204,0.4956450529829064
383688,0.1,0.8544934646229845,0.8330658366296001
383904,0.5,0.4217725229572815,0.509241775410889
384120,0.1,0.8573617981957281,0.8272600303836773
384336,0.5,0.4075808231566221,0.4967166581672254
384552,0.1,0.8515740592785604,0.8445148554991061
384768,0.5,0.41037851544652,0.4864951867810301
384984,0.1,0.8555303528951843,0.8362401640231708
385200,0.5,0.3971568754715061,0.486412119097707
385416,0.1,0.8677297990640095,0.8251450034825186
385632,0.5,0.4080629551513425,0.4893508204173721
385848,0.1,0.8601055537306892,0.8299431320942138
386064,0.5,0.410939792135138,0.4935724345339657
386280,0.1,0.8665923239820996,0.8458489849958711
386496,0.5,0.4065897291181044,0.4951009711503636
386712,0.1,0.8493751202327035,0.8244834992630053
386928,0.5,0.3994808101269154,0.4894694544016809
387144,0.1,0.8581303878048631,0.8390804184601124
387360,0.5,0.4228394223447257,0.5105076334322791
387576,0.1,0.8499574271830316,0.8470212357110108
387792,0.5,0.4047078577761502,0.4962292860271555
388008,0.1,0.8641270475029245,0.8398456757858521
388224,0.5,0.4072661589530941,0.4889412386765979
388440,0.1,0.8742232918380017,0.8396337348894786
388656,0.5,0.4035725366477007,0.4840916224506639
388872,0.1,0.8497663286556885,0.8380004578635206
389088,0.5,0.4113873366368029,0.4942883805781997
389304,0.1,0.8536513930853211,0.8366803767463245
389520,0.5,0.4167051068194666,0.5031181931791465
389736,0.1,0.8474656034839899,0.834758099126375
389952,0.5,0.4179397786084898,0.507731722783773
390168,0.1,0.8504007713998437,0.8377084582849678
390384,0.5,0.4179049711981906,0.4959362084631514
390600,0.1,0.8651964224048884,0.8375047353923349
390816,0.5,0.4124770043836553,0.5034441609344964
391032,0.1,0.8614927982572179,0.8476033370560111
391248,0.5,0.397929551483233,0.4925166809420876
391464,0.1,0.8639940642823417,0.8402674776079635
391680,0.5,0.3990517591613194,0.4969732942517384
391896,0.1,0.8585962235120401,0.8397327052569067
392112,0.5,0.4045755071333052,0.510783112460444
392328,0.1,0.8577067751111476,0.8470046950216025
392544,0.5,0.3995786166394128,0.4980490562801589
392760,0.1,0.8564467008978077,0.8327562327787844
392976,0.5,0.4047358972715528,0.4981328507427605
393192,0.1,0.8599089594603836,0.8330140495756075
393408,0.5,0.3983013075171203,0.4965186813203457
393624,0.1,0.8597518697241645,0.8323512649163177
393840,0.5,0.4033825310907629,0.5065228725119311
394056,0.1,0.8632017810678478,0.8444489004920724
394272,0.5,0.4106955173432354,0.4988839178006207
394488,0.1,0.855576773448165,0.8463650907314847
394704,0.5,0.4091023122852173,0.4798748853156028
394920,0.1,0.8605856212581595,0.8509396139261868
395136,0.5,0.4052704354313359,0.4937722554484962
395352,0.1,0.8586066910352922,0.844687933882095
395568,0.5,0.4058732862893575,0.4962643593040832
395784,0.1,0.8590783283865936,0.8387189512405021
396000,0.5,0.4205865031330088,0.5000523214290186
396216,0.1,0.8607162850287008,0.8405374044747086
396432,0.5,0.4003759374051699,0.4975771873331041
396648,0.1,0.864717297052356,0.839079463149122
396864,0.5,0.405118175679489,0.4997705444234064
397080,0.1,0.8568550326720614,0.83147455895278
397296,0.5,0.405542434070117,0.4996585395358338
397512,0.1,0.8505645587719763,0.8400552331087376
397728,0.5,0.4003397590118457,0.4876588890965601
397944,0.1,0.8514721087366762,0.8308775871250691
398160,0.5,0.3972065107599334,0.4941697114957311
398376,0.1,0.8582507033165311,0.8353508482737974
398592,0.5,0.4020573921455557,0.5011946690732807
398808,0.1,0.8637027363933201,0.8409697544070235
399024,0.5,0.3914989714839492,0.4921142122210799
399240,0.1,0.857620560738263,0.8400823555930543
399456,0.5,0.4177391274416689,0.5024392803558542
399672,0.1,0.8469615246827814,0.8387180429912067
399888,0.5,0.4104312382812173,0.5164966904474971
400104,0.1,0.8571773497509048,0.8396158627717278
400320,0.5,0.4113914392802106,0.4913160294885196
400536,0.1,0.8554670721058772,0.8403151922388539
400752,0.5,0.4146242432628602,0.50670196102544
400968,0.1,0.8523211282902134,0.8512012653897046
401184,0.5,0.4067021889464672,0.4927786603404966
401400,0.1,0.8564220657876025,0.8337819657549381
401616,0.5,0.400662919362952,0.4884822195120953
401832,0.1,0.857066627969469,0.8392053192047618
402048,0.5,0.4060195206273175,0.5063998882070296
402264,0.1,0.8552114077746846,0.834215762727718
402480,0.5,0.4036808994730043,0.5187009678393264
402696,0.1,0.8508396036680869,0.8399985578767466
402912,0.5,0.4146999963142446,0.5057291495713611
403128,0.1,0.8626050758790725,0.8212537992948409
403344,0.5,0.3801737625070034,0.4887387818673467
403560,0.1,0.8541448067348522,0.8397917721904956
403776,0.5,0.400790335996919,0.4889966730061479
403992,0.1,0.8578262296654162,0.8391527048250257
404208,0.5,0.4180448854266724,0.5120950640180698
404424,0.1,0.8629615006224216,0.8269365296201238
404640,0.5,0.4158146509767659,0.5056425088773768
404856,0.1,0.8534444552077138,0.840426480488669
405072,0.5,0.4080594674862559,0.4981166363557827
405288,0.1,0.8565252152418197,0.841379104455097
405504,0.5,0.4053025885253402,0.4904891271840125
405720,0.1,0.8478864913254581,0.8383334518233728
405936,0.5,0.4091077653876385,0.4912425643668339
406152,0.1,0.8580185742610026,0.8503238708814571
406368,0.5,0.4315031624988775,0.510267328717302
406584,0.1,0.8506638624322704,0.8416463728758621
406800,0.5,0.4095456461935472,0.503892319640161
407016,0.1,0.8584968958427822,0.8467420103434324
407232,0.5,0.4003157246025514,0.4992856363176677
407448,0.1,0.8447030345501143,0.8253582584644229
407664,0.5,0.4137803192827742,0.4982797539840091
407880,0.1,0.8607767859306186,0.8337156588982333
408096,0.5,0.4034188531600397,0.4975025968923574
408312,0.1,0.851720701146354,0.825162026228653
408528,0.5,0.4137668779364816,0.5102762528459587
408744,0.1,0.8543188763622662,0.8448593232349603
408960,0.5,0.3956856012292365,0.4884265337077282
409176,0.1,0.851123550471636,0.8367529781035329
409392,0.5,0.4018609245034949,0.4886611779526678
409608,0.1,0.8614508221380912,0.8431151158535296
409824,0.5,0.4072986292106175,0.5046682575933018
410040,0.1,0.870787398171856,0.8462425301259248
410256,0.5,0.4053848425949989,0.487422089003167
410472,0.1,0.8439174785835707,0.8363564923224128
410688,0.5,0.4024875933133673,0.4957630154759336
410904,0.1,0.8590903712441783,0.8324566615647732
411120,0.5,0.4052490798433185,0.4901075027430175
411336,0.1,0.8562628307195175,0.8441102984461559
411552,0.5,0.4105593159768535,0.4861485544092974
411768,0.1,0.8626662024314616,0.8425025170021904
411984,0.5,0.404454690324791,0.4907427928542772
412200,0.1,0.8586192464178617,0.8446620257707232
412416,0.5,0.3992384254660917,0.4955607367291574
412632,0.1,0.8521372482417633,0.8429655847323133
412848,0.5,0.4029376804670071,0.4906370921635672
413064,0.1,0.8487030693941121,0.8479639958168349
413280,0.5,0.40271716814524,0.4872744293703359
413496,0.1,0.8744626628966955,0.8381980416872595
413712,0.5,0.4060198910685459,0.4953635640641665
413928,0.1,0.8506899812671294,0.8230240451172872
414144,0.5,0.3924474605814889,0.4838536909943808
414360,0.1,0.8652041142166266,0.8528971941953806
414576,0.5,0.4086766342716803,0.4984880799638042
414792,0.1,0.8683338180820738,0.8315606046937483
415008,0.5,0.412480859021603,0.5027592437457574
415224,0.1,0.8520084706686272,0.846379606430518
415440,0.5,0.4098958917137408,0.4987773099060739
415656,0.1,0.8586249695815416,0.8447716310656433
415872,0.5,0.3986396104685514,0.4857453507530971
416088,0.1,0.8637540783052412,0.8258168580307951
416304,0.5,0.4205788882585861,0.4955233533211955
416520,0.1,0.860159055351788,0.8447669870284729
416736,0.5,0.387042092912765,0.4949230441325266
416952,0.1,0.8589504165249017,0.8268610669215549
417168,0.5,0.398988207282272,0.4875354131631706
417384,0.1,0.8523252110391145,0.836811280645386
417600,0.5,0.4179578697776065,0.5034045610507463
417816,0.1,0.8647818657950911,0.8443449880688625
418032,0.5,0.3926318507674187,0.4950809616018353
418248,0.1,0.8512442010172349,0.8346548662444312
418464,0.5,0.4307719228053991,0.510152528586179
418680,0.1,0.8641134975663178,0.8376182608665559
418896,0.5,0.4130800533865587,0.4990484036098127
419112,0.1,0.8484093427117948,0.8423452291848055
419328,0.5,0.4066472989608058,0.4992443018622111
419544,0.1,0.852948821489118,0.8374814353972068
419760,0.5,0.4240628860017217,0.5083731547009221
419976,0.1,0.8604736401069272,0.8279385098274414
420192,0.5,0.4076451638668734,0.4994704343179669
420408,0.1,0.8547654148577754,0.8526483125978505
420624,0.5,0.4245702021658274,0.5160568739286034
420840,0.1,0.8496537706980627,0.8323592148143626
421056,0.5,0.3999702899879958,0.4926187192070284
421272,0.1,0.8557028185993574,0.8517054299711624
421488,0.5,0.4083005817861812,0.5049295091257843
421704,0.1,0.8524677086973617,0.8420853844409557
421920,0.5,0.4227551615426463,0.4934437157991392
422136,0.1,0.8549160095169341,0.83659390247962
422352,0.5,0.406371656933992,0.4916169443065217
422568,0.1,0.8643662171713722,0.8497551274445146
422784,0.5,0.3996005688840093,0.4939538993650361
423000,0.1,0.8544427349170907,0.840922285382893
423216,0.5,0.4094396185900497,0.4997894137595712
423432,0.1,0.8479673699699396,0.8526318959541211
423648,0.5,0.4028002912651731,0.4935993178131002
423864,0.1,0.8585409979399805,0.8368383051133103
424080,0.5,0.4066163958192005,0.4788340306130786
424296,0.1,0.8517787410868126,0.8452987443838118
424512,0.5,0.3996252265499496,0.5123957997225905
424728,0.1,0.8624122436595255,0.816691849452239
424944,0.5,0.4229796893799939,0.5084196719085995
425160,0.1,0.8511673520161515,0.8516388374561612
425376,0.5,0.4164507101596323,0.4957464368633881
425592,0.1,0.85492304043093,0.8331732865704887
425808,0.5,0.4116271488447147,0.4928917061775296
426024,0.1,0.8543138665377186,0.8333188346680492
426240,0.5,0.4045594270470986,0.5057526119263988
426456,0.1,0.8591748747154168,0.8395702044517751
426672,0.5,0.3944698901769188,0.4926113724743138
426888,0.1,0.8583504006954152,0.8472444602173897
427104,0.5,0.404796297207302,0.4898422088549932
427320,0.1,0.8591830873005928,0.8474562307423952
427536,0.5,0.4003981020802048,0.5001748155175819
427752,0.1,0.8578260163966683,0.8445792624171585
427968,0.5,0.4130349677671057,0.5030958507635253
428184,0.1,0.8470965061894763,0.8360982889462818
428400,0.5,0.4113816233833452,0.49225895230056
428616,0.1,0.8568694283999091,0.8587612745702846
428832,0.5,0.4056627112478788,0.4966990576954193
429048,0.1,0.8452722802016723,0.8448901999155826
429264,0.5,0.3881883409944254,0.4948723900685248
429480,0.1,0.8587995543459054,0.8418456276893217
429696,0.5,0.4149754059307282,0.503712701762718
429912,0.1,0.8538202937812458,0.8319857755017965
430128,0.5,0.4061747169706451,0.4988638107940606
430344,0.1,0.8476540343967909,0.8312858858351905
430560,0.5,0.4063419246424955,0.4986014957612735
430776,0.1,0.8505564829993021,0.8495855833236773
430992,0.5,0.4161647787395063,0.498833857914227
431208,0.1,0.8495765717592879,0.8363983784258479
431424,0.5,0.417619761274391,0.5093947812271709
431640,0.1,0.8619848517191088,0.8589056964777838
431856,0.5,0.4095354497869887,0.5056145604323611
