,numVehicles,operatingError,reportingError
72,200,0.1727437257202196,0.1678103799491056
288,300,0.1581261702734049,0.1542832076432237
504,200,0.1655650131638615,0.1580424483760107
720,300,0.1638933977840491,0.1640728466234425
936,200,0.1634340137234787,0.1561053422700224
1152,300,0.1558203139574957,0.16379243845821
1368,200,0.1650576906245952,0.163335083467113
1584,300,0.1630474016281727,0.1537475487626174
1800,200,0.1633119177909155,0.1536998598472503
2016,300,0.1650740957690362,0.1577385806201696
2232,200,0.1638372572781715,0.1613311748418288
2448,300,0.1582523256260721,0.1667881216844341
2664,200,0.1683466626666825,0.1616638512332741
2880,300,0.1564238662370023,0.1611030187120072
3096,200,0.170904759601107,0.1537443950604488
3312,300,0.1580680193825623,0.153990891613823
3528,200,0.1722533759875799,0.1626966949549755
3744,300,0.1606054888917478,0.1566637561515273
3960,200,0.1574608164747587,0.1599560495649837
4176,300,0.1594338606934294,0.1590109105049848
4392,200,0.1656779497149504,0.1594344235237229
4608,300,0.1544853329579898,0.1601877723667744
4824,200,0.1731368721074049,0.1617975693761588
5040,300,0.1603178800738649,0.1551448720472298
5256,200,0.1736307796339093,0.1666616222252559
5472,300,0.1593619016252914,0.1512278671460647
5688,200,0.1606209599458003,0.1613460915134504
5904,300,0.1637529058422954,0.1618907504459071
6120,200,0.1672504200438443,0.1521592910632861
6336,300,0.1621116478021898,0.1634696694465293
6552,200,0.1708451911713308,0.1525535515182602
6768,300,0.1648261230427888,0.1646308332433501
6984,200,0.1659878511056474,0.1675823535933503
7200,300,0.1587052981437026,0.1535371434524732
7416,200,0.1720721784198398,0.1651507753814651
7632,300,0.1572485285414575,0.1615133430382278
7848,200,0.1643942149718829,0.1602790059057721
8064,300,0.1638426609094818,0.1570383759222461
8280,200,0.1667513134822851,0.1606276591860846
8496,300,0.1567738700965631,0.1611495193689195
8712,200,0.1731032158179025,0.1647279032705682
8928,300,0.1632634649277124,0.1631905197566589
9144,200,0.1663329144460148,0.1569310024133555
9360,300,0.1604793353947158,0.1600405307285365
9576,200,0.1695907665094052,0.163471445948148
9792,300,0.1636595969848626,0.1662323515049445
10008,200,0.1691990506888621,0.1633592926031283
10224,300,0.156031212221356,0.1639700553874622
10440,200,0.1697671328449291,0.1600512616005885
10656,300,0.1559314393413162,0.1604451931113102
10872,200,0.1697279797850969,0.167321079418358
11088,300,0.1609645035205097,0.1615513622863837
11304,200,0.1693591020258303,0.1656509717521262
11520,300,0.1642801549089947,0.1685305825401394
11736,200,0.1657925388069498,0.1641329950852114
11952,300,0.1638203452678591,0.1608222587174751
12168,200,0.1643724500612241,0.1616322700242658
12384,300,0.164387791947644,0.154064636171512
12600,200,0.1657842205285484,0.1631903138173799
12816,300,0.1603846950959787,0.1611144522775121
13032,200,0.1692342099464331,0.1595937483986325
13248,300,0.1700169791863301,0.1586821695279706
13464,200,0.1676093751554153,0.1617500280153227
13680,300,0.1698584961361274,0.1645838065983774
13896,200,0.1659206114607783,0.1604137396972649
14112,300,0.1632019690938461,0.1589697973442529
14328,200,0.1713266986697375,0.1551927550173324
14544,300,0.1561300722676027,0.1596952749679766
14760,200,0.1733113234505699,0.1559205484890317
14976,300,0.1602173825831692,0.1637837322080015
15192,200,0.1653170199129622,0.1597574901203838
15408,300,0.1565153159967147,0.1588594879975765
15624,200,0.1699247922273948,0.1593717584678967
15840,300,0.1639882917111417,0.1576350666085077
16056,200,0.1793570116187811,0.162934356147903
16272,300,0.1560331946883796,0.1636853090301919
16488,200,0.1696092307105611,0.1595644463260581
16704,300,0.1593624757394091,0.1641292636800185
16920,200,0.1731642088216548,0.1589720520256212
17136,300,0.1593977424108281,0.1595178009014227
17352,200,0.1729140263450451,0.164693935868647
17568,300,0.153138148439299,0.1587454230531993
17784,200,0.1695835115938405,0.1549654472050098
18000,300,0.1585543982293548,0.1644252232533359
18216,200,0.1681732375946674,0.1620859259411535
18432,300,0.1560104924948037,0.1555574794100966
18648,200,0.1651873864166932,0.1698726806391093
18864,300,0.1607845991770722,0.1539752943646569
19080,200,0.167523931124426,0.1543166619318844
19296,300,0.1597543385633478,0.1599002179337775
19512,200,0.1699191830387385,0.1610111069357678
19728,300,0.1579702907338743,0.1599281151867413
19944,200,0.1737541168543968,0.1653991962463428
20160,300,0.1561844328551634,0.1630863776416692
20376,200,0.1681233384921258,0.1709943978779395
20592,300,0.1536702575087238,0.1519608014132409
20808,200,0.1678818398531757,0.1609036797671715
21024,300,0.1595992529030047,0.1590028499431322
21240,200,0.166573950962679,0.162910938882716
21456,300,0.156113110761686,0.1508237079130014
21672,200,0.1693266666425721,0.1565273316286561
21888,300,0.1557267569240038,0.1550378717068098
22104,200,0.166078204429681,0.1621816067082459
22320,300,0.1559655586594564,0.1528570460509953
22536,200,0.159441355907181,0.1547079876845904
22752,300,0.1597880975015803,0.1580157880369648
22968,200,0.1670276568485854,0.1560740804480099
23184,300,0.1612909518399031,0.1621098362151194
23400,200,0.1799169384707952,0.1641777518003943
23616,300,0.1584377631839639,0.1657579856005623
23832,200,0.1666461850352554,0.1524160717847978
24048,300,0.1587169198746388,0.1566997824915131
24264,200,0.1663413156041207,0.1530652833144127
24480,300,0.1563530324397531,0.1601439137849469
24696,200,0.1716848992945618,0.1575889944560548
24912,300,0.1606954454542793,0.1587691049678307
25128,200,0.1736286010468589,0.1633828343943211
25344,300,0.1564382305647049,0.1538525182155402
25560,200,0.1656463885867046,0.1639265148056717
25776,300,0.1628894779915791,0.1685477562588373
25992,200,0.1698690449331118,0.1514813986085735
26208,300,0.164570344771612,0.1639703201152173
26424,200,0.1660099754568593,0.1618958260659818
26640,300,0.1568498875457204,0.1607026711739104
26856,200,0.1655687719684465,0.1576406448031881
27072,300,0.1544690288304726,0.1550079212216124
27288,200,0.1635892582917444,0.1564109202362089
27504,300,0.1573701225867545,0.1571433155323007
27720,200,0.1683351758704877,0.1611443072050082
27936,300,0.1581187713031846,0.1560575455930106
28152,200,0.168448037743553,0.1565643027475396
28368,300,0.1589176856152328,0.1571064626993659
28584,200,0.1665728753528639,0.1603629045502027
28800,300,0.1589854809377905,0.1678797147975884
29016,200,0.171932560632685,0.1639625852249579
29232,300,0.1526262361166363,0.1595257702215033
29448,200,0.1610791679515319,0.1526731127701791
29664,300,0.1575679723135614,0.1580196644684485
29880,200,0.1703637212893004,0.1559465560724331
30096,300,0.1549721364884053,0.1541444170623912
30312,200,0.1728024865055014,0.1658618511082729
30528,300,0.1604780895341787,0.1570399282639496
30744,200,0.1661614976178995,0.1532025993865119
30960,300,0.1675443098740908,0.1572588623941752
31176,200,0.1623119841952542,0.1552873645741759
31392,300,0.1585490562428777,0.1524409340189954
31608,200,0.164275457480405,0.1584272731891367
31824,300,0.1554491411883224,0.1547596334489263
32040,200,0.1697558558729487,0.1637573065162721
32256,300,0.1586454278084094,0.1621274331333384
32472,200,0.1664742235344601,0.1650242850400521
32688,300,0.1624161149406184,0.1542588571987817
32904,200,0.1608585917400166,0.1498478856200631
33120,300,0.1654325480554218,0.1635178789798831
33336,200,0.1635569181930368,0.1592964990345974
33552,300,0.1593075169425724,0.1570256882633779
33768,200,0.1639610787097099,0.1522068053371823
33984,300,0.1616614437098315,0.1603264226558747
34200,200,0.1693430407794972,0.155192901023999
34416,300,0.1576998538177586,0.1595978910757449
34632,200,0.170611867868677,0.1609625658151193
34848,300,0.1563263916260682,0.1548489560805546
35064,200,0.1729588201063265,0.1534601752464591
35280,300,0.1604107848104237,0.1657405528069235
35496,200,0.1682490060516656,0.1599359272392506
35712,300,0.1586959300541535,0.1516392283459286
35928,200,0.1657545414652271,0.1607857502807516
36144,300,0.1583404312959148,0.1542998430688882
36360,200,0.1700642067232086,0.1675951997602294
36576,300,0.1553541643014444,0.1570300304478443
36792,200,0.1709791834913354,0.1516471098820771
37008,300,0.1547536391705705,0.1595791730908092
37224,200,0.1709618463486003,0.1639397847917402
37440,300,0.1588860511716609,0.1569400195240151
37656,200,0.1722123049769424,0.1608689699089855
37872,300,0.163364943830138,0.1569373933469967
38088,200,0.1606437691945164,0.1461030577387766
38304,300,0.15481275259742,0.1604375691192382
38520,200,0.165517779494201,0.1654923105126725
38736,300,0.163560157228478,0.1647877045563138
38952,200,0.1629400525632084,0.1620392227800443
39168,300,0.1609891203179156,0.1598992183190225
39384,200,0.1680770347711648,0.1623227844784733
39600,300,0.1571210338134445,0.1674359025797931
39816,200,0.167998434366596,0.1627872798799125
40032,300,0.1546426968426931,0.1614148860664996
40248,200,0.1658105280319252,0.1648960390915614
40464,300,0.1549975493236802,0.1581462495033805
40680,200,0.1665925218644716,0.1594133072939279
40896,300,0.1590699973945341,0.1563155388474486
41112,200,0.1667608025019933,0.1673907457772841
41328,300,0.1554873700274555,0.1647586682317816
41544,200,0.1773500678518515,0.1616047327190176
41760,300,0.158736731732187,0.1600953585421365
41976,200,0.1674925831841005,0.1623470529058494
42192,300,0.1605932611640526,0.1629474895578263
42408,200,0.1693659224874512,0.1525630425038063
42624,300,0.1574389995398232,0.1589406872118939
42840,200,0.1756091991458349,0.1689593769129478
43056,300,0.1636387693183864,0.1607488965600362
43272,200,0.1682167130229423,0.1627655466626296
43488,300,0.1641447815669646,0.1691480676257735
43704,200,0.1621589123147525,0.1557730836069945
43920,300,0.1641276222905673,0.1609307079129917
44136,200,0.1661970429470063,0.160935845938521
44352,300,0.1609755138010605,0.1641149277717399
44568,200,0.162670326730063,0.1574664419765138
44784,300,0.1546138103084227,0.1606678826822677
45000,200,0.1719336719124513,0.1600181526282272
45216,300,0.1640468518240699,0.1616016485568168
45432,200,0.1624542548513207,0.1681197986709161
45648,300,0.1606194142500467,0.1656457609056527
45864,200,0.1700285820110423,0.1568929990331321
46080,300,0.1564626351886832,0.1634768274216782
46296,200,0.1646522269564148,0.1589635228056348
46512,300,0.1534698768186426,0.1611531127626443
46728,200,0.1614002220733066,0.1640172877382519
46944,300,0.1540094110614194,0.1548412609229388
47160,200,0.1692820841028071,0.1621172631792836
47376,300,0.1638884897335262,0.1643134916727214
47592,200,0.1677731219011613,0.1653634709335464
47808,300,0.1585682238174475,0.1645149183205011
48024,200,0.1592912608648212,0.1548508321221637
48240,300,0.1595653240495749,0.1570603132531366
48456,200,0.1635054132875468,0.1652476820280762
48672,300,0.1558112609023195,0.1540333181972404
48888,200,0.1566323942926469,0.1598253307916126
49104,300,0.1617295055253512,0.1579298167456712
49320,200,0.1610581973235266,0.1646895457383183
49536,300,0.1594395786557234,0.152440052101576
49752,200,0.1653939448540481,0.1661611231317351
49968,300,0.1554757641804736,0.1556179522905974
50184,200,0.1686298039918416,0.1604656718580495
50400,300,0.1631654616165947,0.1553312776205161
50616,200,0.1647728885664968,0.1593910701341834
50832,300,0.1636348369985946,0.1603165803777404
51048,200,0.1679427040476792,0.1597773541875096
51264,300,0.1605725777918052,0.1566765849317692
51480,200,0.1679124540869199,0.1662571694441973
51696,300,0.1584492866990598,0.1597778898226671
51912,200,0.1679762470805106,0.1635674151388654
52128,300,0.1557839354948648,0.1514681875636425
52344,200,0.166812661287062,0.1609854876411758
52560,300,0.1574850767947734,0.1661449344439998
52776,200,0.1667254758914281,0.1571777271641536
52992,300,0.1603948070197706,0.1598953356743712
53208,200,0.1712955507631733,0.1654106581219481
53424,300,0.1660732621210577,0.1615838205773203
53640,200,0.1656391983725162,0.1503694504142892
53856,300,0.1582916668748246,0.1605473310856565
54072,200,0.1627926241085623,0.1586058676738918
54288,300,0.156767495427103,0.1594787013746089
54504,200,0.1630965686888744,0.1524209180378554
54720,300,0.1621567514619727,0.1584435967639262
54936,200,0.1713819140304718,0.164699337640674
55152,300,0.1567382200464972,0.1558560622753753
55368,200,0.1740327878587582,0.1635854512900589
55584,300,0.1606220672110166,0.162286370567767
55800,200,0.1616714748074507,0.1566482172929915
56016,300,0.1560819251221816,0.1641982972436138
56232,200,0.1721284936937187,0.1566008362558997
56448,300,0.1646672668825168,0.1544962513459503
56664,200,0.1734959639078923,0.1607663461350121
56880,300,0.1603028521827655,0.1645434576243931
57096,200,0.161438357848853,0.1616399117962071
57312,300,0.1604728901206019,0.1566584869929179
57528,200,0.1634218011996797,0.160643432773565
57744,300,0.157373108833017,0.159204553926323
57960,200,0.1641846197228523,0.1539483349834415
58176,300,0.1627284190618168,0.1754405224489609
58392,200,0.1734913540820607,0.1644391295109241
58608,300,0.1577959487123661,0.1549723493829667
58824,200,0.174658294362053,0.1696526245538983
59040,300,0.1552790829857197,0.1556135581065669
59256,200,0.1662499173397017,0.1602673558755205
59472,300,0.1621495018046688,0.1645633527897514
59688,200,0.1627716966780628,0.1581117429923754
59904,300,0.1683718218932949,0.1676585523814454
60120,200,0.1627334066196608,0.1552788380704758
60336,300,0.1545175144529443,0.1600546363042637
60552,200,0.1646129315487914,0.1680550023197067
60768,300,0.157842129496936,0.1628786934640025
60984,200,0.1752410752310022,0.1637661631977871
61200,300,0.1521367265897651,0.1546313926594625
61416,200,0.1762997293213546,0.162380894355986
61632,300,0.1569631339213751,0.1588399745637722
61848,200,0.1614125012228389,0.1573976455059441
62064,300,0.1612504918891675,0.163620395569041
62280,200,0.1677611411786912,0.1561709031092195
62496,300,0.1590891665166958,0.1526522302285534
62712,200,0.1675131277959406,0.1542936151491507
62928,300,0.1577417147643583,0.1553468943780938
63144,200,0.1658090527781756,0.1676434056602987
63360,300,0.1572626852881647,0.1585226755158575
63576,200,0.1681357189532158,0.1584586719464393
63792,300,0.1624901363963831,0.1705848068408613
64008,200,0.1612766756399042,0.1543691937484971
64224,300,0.1557629599190467,0.1566168123790548
64440,200,0.1719822620984287,0.1644272075450644
64656,300,0.1581230262005365,0.1644520585797347
64872,200,0.1727151312873325,0.1552367359435573
65088,300,0.1623721194199353,0.1563529330130531
65304,200,0.1712185656130762,0.1623556575717883
65520,300,0.1559324536379762,0.1582851116325932
65736,200,0.1690279760372399,0.165469885785767
65952,300,0.1679171716005394,0.1594158168039457
66168,200,0.1707750983215245,0.1708087291654837
66384,300,0.1570134160415674,0.1605826216031516
66600,200,0.1666063573595021,0.1635439557830344
66816,300,0.1562072080492061,0.1634245715342479
67032,200,0.1716178407855461,0.1628568407425879
67248,300,0.152266249064259,0.1582389535410874
67464,200,0.1691271699006958,0.1618898291354567
67680,300,0.1572442225557582,0.1604833419896099
67896,200,0.1736181148567598,0.1670474176735683
68112,300,0.1608157928398857,0.1595726316959441
68328,200,0.1718088270134018,0.1618416648593468
68544,300,0.1606930472832893,0.162533087804905
68760,200,0.1730543324510354,0.1625404764860711
68976,300,0.1590467859397778,0.1573006213170797
69192,200,0.1617040226411309,0.1529811078933148
69408,300,0.1633984226935085,0.1644464811983098
69624,200,0.1622310718029377,0.1549140801998385
69840,300,0.1606418099967432,0.1562472866546422
70056,200,0.1596729509612847,0.1589216097894387
70272,300,0.1614410109882491,0.1641985226244681
70488,200,0.1686036621957101,0.1603742165077352
70704,300,0.1621131058570225,0.1548908008521287
70920,200,0.1602488982085436,0.1616384493086513
71136,300,0.1551759094797349,0.1605147628946491
71352,200,0.1714510905648038,0.1726753655865022
71568,300,0.1605195675195795,0.1641077829254113
71784,200,0.1689781887852412,0.1669541978029332
72000,300,0.1631315116105063,0.1669437797520183
72216,200,0.1775042567722852,0.1587333034767587
72432,300,0.1668843595218848,0.1639683958410693
72648,200,0.1682031482280502,0.1597084624491712
72864,300,0.1585442323572504,0.1607887293714937
73080,200,0.1719626210492358,0.1558876560662626
73296,300,0.1579370332999409,0.1577471439897308
73512,200,0.1708923633732394,0.1478753322056991
73728,300,0.1582279302714849,0.1539653686360755
73944,200,0.1615291612429178,0.1599609136566079
74160,300,0.1601004547921318,0.1633571756361074
74376,200,0.1775878406975056,0.1656097773183734
74592,300,0.1629129653377276,0.1648727429496836
74808,200,0.1662331997519227,0.1660393068588358
75024,300,0.1622947678043673,0.1638274997128426
75240,200,0.1706157819776632,0.157045196367268
75456,300,0.165292748398325,0.1713747778172911
75672,200,0.1697861699259875,0.1576140762429565
75888,300,0.157990535514345,0.1597027052981756
76104,200,0.1711159757192172,0.1577770533633663
76320,300,0.1578628982061516,0.1621961009749726
76536,200,0.1651315075049904,0.1613655606110175
76752,300,0.1580866073799968,0.1628698357083382
76968,200,0.1683656115181375,0.1670955979722623
77184,300,0.1596008728099942,0.1547348563281687
77400,200,0.1636207963481506,0.1535278904808062
77616,300,0.1620168781580809,0.1642841019125417
77832,200,0.1660274919302138,0.1639551964188134
78048,300,0.1577353403903826,0.1593046032843466
78264,200,0.1611739464390982,0.1515920886731972
78480,300,0.1620481459386433,0.1621797182938812
78696,200,0.1657914477172143,0.158673840638915
78912,300,0.1542253486807639,0.1552987867809745
79128,200,0.165501484636568,0.1594951532502262
79344,300,0.1582800956016431,0.1639167829643635
79560,200,0.1589379769175675,0.1570492451600689
79776,300,0.1605660830268121,0.1573909606115672
79992,200,0.1644414754747702,0.1575020482215024
80208,300,0.1628857518846049,0.1628853598719616
80424,200,0.1665227095495842,0.1542011254972279
80640,300,0.1591127657365544,0.1609897087108227
80856,200,0.168800008438044,0.1675968776212172
81072,300,0.1640717525198052,0.1659157697130876
81288,200,0.1700349152023116,0.1607755981249773
81504,300,0.1573594585058279,0.1550872392073109
81720,200,0.1734316050035133,0.1569613094747261
81936,300,0.1663960494521549,0.1689708241150227
82152,200,0.1664193315294763,0.1585321995595156
82368,300,0.1590050895585861,0.1616225769293524
82584,200,0.166529288207593,0.1576507724421553
82800,300,0.1599546544298492,0.1672486079587204
83016,200,0.1732479741288816,0.1566120995454912
83232,300,0.1598545321638533,0.1596454433435019
83448,200,0.1682440734163195,0.1495872209044249
83664,300,0.1649757364608833,0.1595411939344372
83880,200,0.1708688155134123,0.1615257966026678
84096,300,0.168571533597063,0.1583858128143486
84312,200,0.1705625122838037,0.1577823607720828
84528,300,0.1560088724108993,0.1647776137550221
84744,200,0.1774622550257906,0.1647667646630543
84960,300,0.1628636440565631,0.156513790496061
85176,200,0.1679423263748362,0.1564561870257293
85392,300,0.1629251222897551,0.1669700142901806
85608,200,0.161685783817375,0.1568597171829592
85824,300,0.156034390681713,0.1610981337318397
86040,200,0.1761895730195454,0.1634881902492034
86256,300,0.1605861856868924,0.1622982768623998
86472,200,0.1666895943826906,0.1617022090132182
86688,300,0.1632185514741291,0.1548815381883102
86904,200,0.1754794060502497,0.1543379571545789
87120,300,0.1558277718597178,0.1582131666360143
87336,200,0.1662422131402918,0.158215843190115
87552,300,0.1594978682749305,0.1630366394223481
87768,200,0.1726605946985584,0.156642513498997
87984,300,0.1572147702213196,0.158392199534702
88200,200,0.1647060916366586,0.1520093680894954
88416,300,0.1595448460989672,0.1549173351875956
88632,200,0.1665172142597428,0.1593094962745417
88848,300,0.1645569960513574,0.1636822916412733
89064,200,0.1653190311083759,0.1588377647445263
89280,300,0.1595307223823016,0.1621282269608737
89496,200,0.1680078526998304,0.1547205103333009
89712,300,0.1640042458007292,0.1587731503193679
89928,200,0.1671139025548346,0.1552085219288039
90144,300,0.1628171320108527,0.1599084406635783
90360,200,0.1672690280579675,0.1618101198536386
90576,300,0.1550025149614007,0.1610972927804048
90792,200,0.1685986379404528,0.1578894426226881
91008,300,0.1589592517504044,0.1613769201115018
91224,200,0.1659138463271007,0.1605256954073526
91440,300,0.1566689899593677,0.1608540064397913
91656,200,0.1668802100624438,0.152217875548831
91872,300,0.1618970608956165,0.1644093967569718
92088,200,0.1695169434590279,0.1597691240484008
92304,300,0.1593707607700004,0.1627858716893515
92520,200,0.1679429326945191,0.1527831559475171
92736,300,0.1538391300264704,0.1629796422855091
92952,200,0.1622067326983809,0.1524515054361698
93168,300,0.1603207917765138,0.1584700982811606
93384,200,0.1779053776695913,0.1629649117834917
93600,300,0.1547073513920545,0.1569172388846445
93816,200,0.1725490204636478,0.1617829027665499
94032,300,0.1605117625680221,0.1540056823961996
94248,200,0.1710102979149939,0.1608661628181382
94464,300,0.159798266950142,0.1579658993697913
94680,200,0.1666226607214843,0.1657269035950549
94896,300,0.1579648979727814,0.1557422552502852
95112,200,0.1641305494635591,0.152171854469545
95328,300,0.1536036430691243,0.1570655543765862
95544,200,0.1733804200156781,0.1563478258856233
95760,300,0.1646468702543026,0.1651820984135021
95976,200,0.1718841781571096,0.1633139387758828
96192,300,0.1595969490368053,0.1627677260085104
96408,200,0.1680262124309385,0.1660224544081541
96624,300,0.1593775269647536,0.1594796233420603
96840,200,0.1679997568598804,0.1554738999302163
97056,300,0.1639396166428487,0.162076982423529
97272,200,0.1614544340603894,0.1702306867632776
97488,300,0.1560961356444957,0.1540918081653892
97704,200,0.1746647825036362,0.1594790355515496
97920,300,0.1567342209633696,0.1541627531386541
98136,200,0.1654653401943292,0.1635020999869193
98352,300,0.1601743907536307,0.162262437644507
98568,200,0.1648695806650559,0.163509285212055
98784,300,0.1596521245187224,0.1601145880540527
99000,200,0.1681264485914804,0.1563151874616986
99216,300,0.1627684176956181,0.1614245635458215
99432,200,0.1663126316484532,0.1569980811246444
99648,300,0.1645862986607993,0.1605461876312083
99864,200,0.1618166540784221,0.163971331443261
100080,300,0.1672711641038961,0.1696246037054965
100296,200,0.1675100898927254,0.1581358843105505
100512,300,0.1587573602802056,0.1549970858405698
100728,200,0.1699308495007864,0.1600981980152866
100944,300,0.1640889439741134,0.1591646401820113
101160,200,0.1758195603061246,0.1608401043025125
101376,300,0.1534803394902091,0.1591539200001985
101592,200,0.170671946551486,0.1605764786786219
101808,300,0.1606666770098758,0.1576983830759103
102024,200,0.1702335501250783,0.1580207472457326
102240,300,0.1555032227146079,0.1622807313658932
102456,200,0.1614615137548606,0.1550668426548624
102672,300,0.1604666436583847,0.1579429705117464
102888,200,0.1673234313837902,0.1618014811014715
103104,300,0.1571849236145483,0.1594517396484436
103320,200,0.1723653801513195,0.1669415728253563
103536,300,0.1568939725723613,0.1485610918466514
103752,200,0.1691124947330403,0.1588233143249898
103968,300,0.154043240472513,0.1558530282675125
104184,200,0.1710244576303229,0.1599442278357283
104400,300,0.1510375569281171,0.1591223507116077
104616,200,0.1616369884721495,0.1467183764662447
104832,300,0.1576321925325649,0.1647624001343064
105048,200,0.1649794774851017,0.1522332273155078
105264,300,0.1559696392204328,0.1631951389268296
105480,200,0.1680332444388245,0.1514195564934048
105696,300,0.1632614740534398,0.1575362717616225
105912,200,0.1643587218660504,0.1483608781314636
106128,300,0.1631433807364244,0.1626023181712414
106344,200,0.167246619479168,0.1582944986144868
106560,300,0.1596785900219869,0.1635164665227416
106776,200,0.1695633810926345,0.1662146280915205
106992,300,0.1547581781035951,0.166305763206316
107208,200,0.1720505746212264,0.1643923585915783
107424,300,0.1589218168295915,0.152504849637843
107640,200,0.167542215010096,0.1625348539679395
107856,300,0.1591560891580756,0.1635966034984673
108072,200,0.1644258087357833,0.1577230367630039
108288,300,0.1633203117789467,0.1574611892262169
108504,200,0.1745109892436284,0.1601627928681986
108720,300,0.157917829411112,0.159830177183008
108936,200,0.17412290183058,0.1622584125461462
109152,300,0.1597901065288976,0.1628514481950741
109368,200,0.1682811910990896,0.1638950422698077
109584,300,0.1570472200122244,0.1577911557075455
109800,200,0.1678145369370117,0.1683223182276052
110016,300,0.1658912366791108,0.1647934015836187
110232,200,0.1710598752991701,0.1591327879721429
110448,300,0.1574940829189032,0.155028359225099
110664,200,0.1631327149535589,0.1606144366396792
110880,300,0.1562231465787342,0.155064661018756
111096,200,0.1650630100896357,0.1500323800384086
111312,300,0.1588582833778611,0.158823276481461
111528,200,0.168490614447806,0.1707331295993292
111744,300,0.1629171973408491,0.1657723928606858
111960,200,0.1679641172890781,0.1600977866621398
112176,300,0.1618831897943841,0.1633086904053625
112392,200,0.1638051449061215,0.1573442336550003
112608,300,0.1547622486536515,0.1586718161037358
112824,200,0.1653359609716866,0.1604996537488317
113040,300,0.1621393146049376,0.156342397867695
113256,200,0.1668616528780761,0.1589970437093848
113472,300,0.1611582887136974,0.1577282898167989
113688,200,0.1633884109922958,0.1611635847659405
113904,300,0.1594327079355579,0.1566985775239945
114120,200,0.1600018538400696,0.1520428474770113
114336,300,0.1619618184917598,0.1581432340499509
114552,200,0.1755493213243829,0.174207670963037
114768,300,0.1537697271993437,0.1555525099299609
114984,200,0.1642506122463458,0.1543655906699097
115200,300,0.1595420357597981,0.1589394452550862
115416,200,0.1664117223718134,0.1642436042642827
115632,300,0.1608696321681236,0.1634701316784005
115848,200,0.1681725050733349,0.1555302512910518
116064,300,0.1545949143087716,0.1597967797147419
116280,200,0.1720411943509783,0.1538704137021803
116496,300,0.156705661861875,0.1612926520165284
116712,200,0.1697375004485406,0.1610695305894864
116928,300,0.1610914068587499,0.1560236505266045
117144,200,0.1718913958075215,0.157042729201139
117360,300,0.1659957209662319,0.162799482367165
117576,200,0.1643856461005554,0.161081722062976
117792,300,0.1600075095653645,0.1559174243931854
118008,200,0.1667175590695446,0.1563206036041335
118224,300,0.1634993185974647,0.1579096198906907
118440,200,0.1644518484894834,0.1598824050103336
118656,300,0.1617449255151247,0.1567932976665574
118872,200,0.1726406096856422,0.1620801008792114
119088,300,0.1618428304479015,0.165307610824476
119304,200,0.1730636277032121,0.1627167683922327
119520,300,0.1649536605626206,0.1620374120915692
119736,200,0.1671351480612577,0.1601175542325997
119952,300,0.1584078299902037,0.1600418540057968
120168,200,0.1703826125913556,0.1709887208867857
120384,300,0.162555056921603,0.1607045689127585
120600,200,0.1789555132814258,0.168170137828075
120816,300,0.1600204081851549,0.161248249786025
121032,200,0.1607320856570792,0.1647738224829737
121248,300,0.1621309736687142,0.1546949944500014
121464,200,0.1723632308564876,0.1628577789113721
121680,300,0.1652672017503868,0.1599862052908969
121896,200,0.1671432350172571,0.1566791844964946
122112,300,0.1579335420726322,0.1674382165365887
122328,200,0.1666697570082579,0.1687970265323636
122544,300,0.1611663153239985,0.1626123842720772
122760,200,0.1688015744500612,0.1611459379371073
122976,300,0.1606106607197758,0.1607856927603138
123192,200,0.1643468641251642,0.1609987029600848
123408,300,0.1598516682125467,0.1548155325143967
123624,200,0.1709287363509955,0.1686650539612535
123840,300,0.1616262338340888,0.1675377503096012
124056,200,0.1678795857683664,0.1504993560840918
124272,300,0.1609713479834519,0.1566367692761424
124488,200,0.1665024545128299,0.1606065400433512
124704,300,0.160760796870609,0.1608506277646284
124920,200,0.1710901333191206,0.1596283040895334
125136,300,0.1569559792745525,0.1547914450089674
125352,200,0.1667970662698356,0.1612434524375778
125568,300,0.155558174946754,0.1619192884300655
125784,200,0.1612643967137052,0.1560123782480707
126000,300,0.1601737079909058,0.1666715824879375
126216,200,0.1652034421136312,0.163910179968883
126432,300,0.1558879910635482,0.1624017555643279
126648,200,0.1741889962364399,0.1535157419862388
126864,300,0.1617629638138674,0.1544278270355631
127080,200,0.1685543769089296,0.1652983642185961
127296,300,0.1597592130563838,0.1611264623357952
127512,200,0.1711694468953962,0.1636382923917443
127728,300,0.1618974814607644,0.1583740094306182
127944,200,0.1637532797454264,0.1658266449289131
128160,300,0.154160552630533,0.1632652023883734
128376,200,0.1724456013603253,0.1630504959315281
128592,300,0.1579774811845362,0.1599267780297249
128808,200,0.1707144191878056,0.1703369124377617
129024,300,0.1573801633573111,0.1626548047587915
129240,200,0.1639365130316112,0.149178469797257
129456,300,0.159874795862473,0.1628738566555535
129672,200,0.1685058388160758,0.1597457420757343
129888,300,0.1540603745129246,0.1611123131492675
130104,200,0.170534274721267,0.1644050797301511
130320,300,0.1591643227902015,0.1598948471271487
130536,200,0.1683120665795214,0.170641119842683
130752,300,0.1517137928528262,0.1481426258377463
130968,200,0.1613039107132622,0.1636242442441748
131184,300,0.1567533163834124,0.1556392773804871
131400,200,0.172724205088987,0.1635993211844204
131616,300,0.1546021884619681,0.1543208414502346
131832,200,0.1663595532235827,0.163113940124503
132048,300,0.1561439598479378,0.1576781651221099
132264,200,0.1665445817930201,0.1545145967095845
132480,300,0.1576691900326357,0.1613987931931073
132696,200,0.1726350649046501,0.1671179527394019
132912,300,0.1573592542249691,0.1606698482616001
133128,200,0.17709659849389,0.1563226968980703
133344,300,0.159532301326642,0.1544285117100216
133560,200,0.1609401735833333,0.1609650940226857
133776,300,0.1571348835202621,0.1576651523979704
133992,200,0.1672053847962667,0.1569285205871709
134208,300,0.1585984516857643,0.1614430919461365
134424,200,0.1626811903195547,0.1594165912257586
134640,300,0.1627398934701505,0.1692082608375523
134856,200,0.1683547754211733,0.1571773938533492
135072,300,0.1621062538972901,0.150647020445907
135288,200,0.1643835690008696,0.1592784172228754
135504,300,0.1598893834796484,0.1588317423665813
135720,200,0.1759413717412697,0.1666737561950056
135936,300,0.1639763076721362,0.1661138835418426
136152,200,0.1751962235954239,0.1672480942855772
136368,300,0.1559121929860802,0.1626791682560086
136584,200,0.1656010161791342,0.1594896970021274
136800,300,0.1560149896350094,0.1636607064721812
137016,200,0.1613303625230537,0.1659912739146777
137232,300,0.1606590663448703,0.1658652401647797
137448,200,0.1637831952215314,0.1572529922474177
137664,300,0.1606255496845732,0.1580106440566211
137880,200,0.1667824560357495,0.1544928143627974
138096,300,0.156515724552498,0.1623996184855514
138312,200,0.165322852392774,0.1605910251034237
138528,300,0.1635973003291065,0.1643269077923722
138744,200,0.1573146946084666,0.1536838481659522
138960,300,0.1653047526232591,0.1626548463066831
139176,200,0.1638791745769709,0.1517713406104075
139392,300,0.1668331090880958,0.1705603100419061
139608,200,0.1526759856077763,0.1566619339564993
139824,300,0.1618784073394105,0.1585747199835591
140040,200,0.1665075930656316,0.1588361852116124
140256,300,0.157090658975312,0.1610591080256015
140472,200,0.1673159717354924,0.1506093931191098
140688,300,0.159003708169674,0.1621550683993608
140904,200,0.1650730527014234,0.1552241693384216
141120,300,0.158745739142191,0.1618986170680613
141336,200,0.1712262702197245,0.1671892489221859
141552,300,0.1659112641134491,0.1585563223574053
141768,200,0.170462242754889,0.1538230349392798
141984,300,0.1530927898797875,0.1539015778114067
142200,200,0.1679915541744606,0.1502730281669143
142416,300,0.1562149111003824,0.1531044360956006
142632,200,0.1668770320454038,0.159886635057472
142848,300,0.1593128954114832,0.1532432629077539
143064,200,0.1636707010502337,0.1495350110018617
143280,300,0.1631787549644682,0.1712393426959234
143496,200,0.1723125244756438,0.1624885643293236
143712,300,0.1574592737591355,0.1540323983878612
143928,200,0.1696776219582703,0.1634082629821701
144144,300,0.1522308591039032,0.1542185359658359
144360,200,0.1676214652627458,0.154637795014165
144576,300,0.1488661991239156,0.1609525199019166
144792,200,0.169641461193779,0.1605850858987557
145008,300,0.1543281324228934,0.1590960617916704
145224,200,0.1685776541468625,0.1549680163263937
145440,300,0.1600136114986483,0.1636480595158271
145656,200,0.1605826920660565,0.1624696304612526
145872,300,0.1605439598283489,0.1558831792983821
146088,200,0.1674762853421283,0.1548034141303288
146304,300,0.1634262507050268,0.1578864789621734
146520,200,0.1756608465212766,0.1636435802679649
146736,300,0.1616131453196466,0.1541005216475304
146952,200,0.1747152269133351,0.153799170310303
147168,300,0.1596559474078082,0.1541641476108778
147384,200,0.1750478570165237,0.1576278071380338
147600,300,0.1595704300735369,0.1638091590983169
147816,200,0.1602450171121061,0.1554377736441302
148032,300,0.1593761349348192,0.1627177872946253
148248,200,0.171635308396281,0.1660232250613064
148464,300,0.1610926388384642,0.1621877972879209
148680,200,0.1684272844934972,0.1640182661465973
148896,300,0.1603702736053104,0.1709927822798893
149112,200,0.1722358283152548,0.1653696224607412
149328,300,0.161961654622782,0.1551885810047258
149544,200,0.175418219923539,0.1594607578349632
149760,300,0.1599184027434096,0.1623819026778439
149976,200,0.1692636036092342,0.1623423140329071
150192,300,0.1649029537098115,0.1581225715056795
150408,200,0.1655048629477017,0.1684998896616247
150624,300,0.1629451327299132,0.1566551462190522
150840,200,0.1647343503433597,0.1570757189307506
151056,300,0.1575474462250514,0.1560016367819794
151272,200,0.1673572864845637,0.1560482618610952
151488,300,0.1608824717051012,0.1606226150100135
151704,200,0.1698298318177753,0.1591082702645142
151920,300,0.1612099796908414,0.1603380422834988
152136,200,0.1649265001752051,0.1578840210205293
152352,300,0.1533791488497095,0.1478324916846879
152568,200,0.1688036526772567,0.1630390939554367
152784,300,0.1538844103637216,0.1575152190667685
153000,200,0.1643122386635118,0.1560765127915988
153216,300,0.1631148579688815,0.1602569597708784
153432,200,0.1657684945437736,0.1589086959461253
153648,300,0.1603765255763325,0.1614725299502152
153864,200,0.167615117515895,0.1672226300041973
154080,300,0.1618378349815391,0.1571599397061583
154296,200,0.1647516227168156,0.1635466305882678
154512,300,0.1547843652332805,0.1593195470802045
154728,200,0.1696930960652024,0.158333049548279
154944,300,0.1599726643227788,0.1597343197589844
155160,200,0.170193393500126,0.1616221478721178
155376,300,0.1626321535118988,0.1690742775932876
155592,200,0.1646303881454794,0.1605075221200296
155808,300,0.1632673825518989,0.1661319304274209
156024,200,0.1716111957159178,0.1659773859684755
156240,300,0.1610187203819234,0.1605167204809326
156456,200,0.1654467130150875,0.1571883926856493
156672,300,0.1584966213627176,0.1577413465052002
156888,200,0.1668366041062554,0.1492497211456291
157104,300,0.1578721881076816,0.1628534016187381
157320,200,0.1638083075081182,0.1517559899094696
157536,300,0.1583285040297907,0.150747014567965
157752,200,0.1623956907666744,0.1466818487430892
157968,300,0.1629898976317709,0.1580848239161033
158184,200,0.1658681025895432,0.1595402829894036
158400,300,0.1567544989992441,0.1585865068441889
158616,200,0.1736441288966498,0.1672620466499013
158832,300,0.1603048664822693,0.1555390720686743
159048,200,0.1715054309593046,0.1689286916413909
159264,300,0.1628755586456497,0.1634376013939854
159480,200,0.1705715001910269,0.1625052662930254
159696,300,0.1525745062544513,0.1541424048221861
159912,200,0.1667087257936198,0.1613481192303915
160128,300,0.15966790157208,0.1581109579490139
160344,200,0.1703920851278623,0.15625188495532
160560,300,0.1603725610234527,0.1630816119912487
160776,200,0.160414907693771,0.1549149641948063
160992,300,0.1562475559082398,0.1593820717096319
161208,200,0.1707233499425689,0.1753543487240542
161424,300,0.1603591987959239,0.1607355793348731
161640,200,0.1662191644890241,0.1657184218531694
161856,300,0.1612073768631008,0.1588862365526971
162072,200,0.1703681660373031,0.1595020671649974
162288,300,0.1600051302163843,0.1563375323477549
162504,200,0.1690933566527527,0.1572192512065134
162720,300,0.1631157165854922,0.1645899110798596
162936,200,0.1678153609969182,0.1535910459920937
163152,300,0.157269771696287,0.1595023532725834
163368,200,0.1645161384728355,0.1643158330963886
163584,300,0.1649401342357123,0.1587027484032814
163800,200,0.1704728155201003,0.1685688401731858
164016,300,0.1514592600105979,0.1612635635775096
164232,200,0.1609072255151397,0.1566847386558506
164448,300,0.1598126524665653,0.1619128887209636
164664,200,0.1630037399314503,0.1536035271325128
164880,300,0.1614297403704765,0.1538826753840545
165096,200,0.1637669187660886,0.1493127630146807
165312,300,0.1639356842181049,0.1589662668075311
165528,200,0.1721886681545106,0.1657048232715051
165744,300,0.1630404872285621,0.1643160244939001
165960,200,0.171640413836845,0.1656456457875836
166176,300,0.1548291616803464,0.1582035109902559
166392,200,0.1653269021905937,0.1593573762392982
166608,300,0.1602776276247033,0.1588818384516431
166824,200,0.1658359431626866,0.150915148342266
167040,300,0.1476423132680589,0.1599305297139663
167256,200,0.1657729827255266,0.1652530506760529
167472,300,0.1600519234623685,0.1591759616886554
167688,200,0.1679460177831818,0.159076192959874
167904,300,0.1652079449983884,0.1655264281194036
168120,200,0.170420656813241,0.1594432243264801
168336,300,0.16545336333189,0.1645376411767717
168552,200,0.1621154644956853,0.1603265390469461
168768,300,0.1531108977743231,0.1583367451150209
168984,200,0.1631805924948051,0.16010586339804
169200,300,0.1573502257076167,0.1574894258416219
169416,200,0.1664009717287104,0.1526640877385715
169632,300,0.1586357394910443,0.1610538190380183
169848,200,0.1672709869003652,0.1616754730242988
170064,300,0.1595112711286403,0.1518503675765534
170280,200,0.1674546440149467,0.1592136816624381
170496,300,0.1628318981299749,0.1661664797581391
170712,200,0.1704035064632258,0.1684016665060612
170928,300,0.1616336471839716,0.1630673159592485
171144,200,0.1710210679241297,0.1586389602723399
171360,300,0.1576284585814439,0.1611913401163102
171576,200,0.1742029510395036,0.159143945840708
171792,300,0.1638913145585706,0.1650157448388733
172008,200,0.1732530649682166,0.1624694874399949
172224,300,0.1629402961213538,0.1570393488377269
172440,200,0.1659455892546694,0.1694416219137574
172656,300,0.1566608842118322,0.1553510673702944
172872,200,0.1748518403272689,0.1531088293421238
173088,300,0.1555038729529911,0.1606878090801198
173304,200,0.1732171888210695,0.1695120809495401
173520,300,0.1632945681941165,0.1623369547063479
173736,200,0.1619383561131241,0.1504151283796934
173952,300,0.1533924565394142,0.1521273386778669
174168,200,0.1720448034907779,0.1699412406742602
174384,300,0.1659668098215107,0.1597352770892442
174600,200,0.1730850025070666,0.1670170837038771
174816,300,0.163243601477153,0.1627025939151146
175032,200,0.1707335502297383,0.1506973883738117
175248,300,0.1601402310939623,0.1670024844527962
175464,200,0.1622485504022213,0.158279413875735
175680,300,0.1623714031370711,0.1608073528320178
175896,200,0.1744747795827121,0.1638193189848731
176112,300,0.1563729373115256,0.1530704305013344
176328,200,0.1695844420772319,0.1645919539277092
176544,300,0.1553189748523899,0.1594129329816634
176760,200,0.1720537678311981,0.16091531733644
176976,300,0.1596167902694646,0.16296857024393
177192,200,0.1637965510492911,0.1573439640626383
177408,300,0.1519593376590528,0.1579830990224364
177624,200,0.172854387829256,0.1643207430222191
177840,300,0.1535619117787832,0.1554483369523369
178056,200,0.1701039556317173,0.1602095132883011
178272,300,0.151045858775534,0.1577676104580778
178488,200,0.1660315455971677,0.1616893342693685
178704,300,0.1570281072981508,0.1607235229254596
178920,200,0.1601085190264536,0.1527970857836748
179136,300,0.158131864987487,0.1595063306680843
179352,200,0.1723411560731029,0.1714822211268487
179568,300,0.1544124334998956,0.1610113943264911
179784,200,0.1623470528305432,0.1586703305809775
180000,300,0.1572691554981708,0.1503268035458381
180216,200,0.1694016175707798,0.1597747101318276
180432,300,0.1645907537430354,0.1599804038158109
180648,200,0.1700624583488338,0.1545210227107017
180864,300,0.1592625834654483,0.1611325278896677
181080,200,0.1700632451630157,0.1553812067541052
181296,300,0.158302203740713,0.1599725354455606
181512,200,0.17426399091042,0.1726609694035193
181728,300,0.1567287477758755,0.1605765068743425
181944,200,0.1748253980484627,0.159082496845826
182160,300,0.1610634882793843,0.1592964276591072
182376,200,0.1739166958889259,0.148855497680528
182592,300,0.1591669551283734,0.1555150167900983
182808,200,0.1679954027461767,0.1599531528384926
183024,300,0.1558487950582448,0.1526597547615114
183240,200,0.1637754213294575,0.1526330532559628
183456,300,0.1644774761167851,0.157367378602935
183672,200,0.1745021405952866,0.1689231327236512
183888,300,0.1651953784082785,0.1652674110005654
184104,200,0.1722945329712798,0.1597069050928919
184320,300,0.1579836516368286,0.1650726249406449
184536,200,0.1699425508647877,0.1656547913138681
184752,300,0.1609512578844008,0.155885736442063
184968,200,0.1730233369892382,0.1623908096872983
185184,300,0.1596789390308138,0.1540433336358388
185400,200,0.1729142201487514,0.1684855134954002
185616,300,0.153535590612943,0.1610685187198074
185832,200,0.1679997140478837,0.162725814024478
186048,300,0.1582694803065417,0.1603162674810075
186264,200,0.1701042397784435,0.1683125759324965
186480,300,0.1607403129335669,0.154934074955992
186696,200,0.1658016130101692,0.1616265537128621
186912,300,0.163618381789875,0.1606003722094644
187128,200,0.172831690259708,0.1574780735862067
187344,300,0.1616466544641877,0.1609140217641181
187560,200,0.1659601825751826,0.1584483754167645
187776,300,0.1626293629981643,0.1629292451787433
187992,200,0.1689863135358505,0.1634203134741854
188208,300,0.1609743104593685,0.1528179576785865
188424,200,0.1673862175503263,0.1590472513202339
188640,300,0.1590089126335131,0.161870041116785
188856,200,0.1679028086709144,0.154288058744585
189072,300,0.1536333233716284,0.1544033302271826
189288,200,0.1679183096412821,0.1638084191952248
189504,300,0.163296314290174,0.1600232376694875
189720,200,0.173345289431821,0.1661380136384968
189936,300,0.1505449875200761,0.1628661639859729
190152,200,0.1682163894733576,0.1601988135459847
190368,300,0.1579614328277999,0.1583764952432864
190584,200,0.1679205966899473,0.1530523524305486
190800,300,0.1598822810748891,0.1675011837570415
191016,200,0.1700197677996678,0.1632235816920632
191232,300,0.1573020691357821,0.1555324603743098
191448,200,0.1681450677755206,0.1601425422066721
191664,300,0.1607783451622745,0.1573642783719173
191880,200,0.1696108389851845,0.1589361149290075
192096,300,0.1615073139317234,0.1635523887218155
192312,200,0.1664769494117278,0.161809376371981
192528,300,0.1538920422110992,0.1568845294873393
192744,200,0.1694312197610268,0.1591817730190687
192960,300,0.1699822497836809,0.1684195282254794
193176,200,0.1656794324172557,0.1694194900435998
193392,300,0.1686307348274354,0.1541011578385351
193608,200,0.1709251943481293,0.1556393046742028
193824,300,0.1622741957016053,0.1612230501314388
194040,200,0.1669234358394432,0.1694970233791503
194256,300,0.1538593263515043,0.1589688213741065
194472,200,0.16538065825795,0.1565395482646223
194688,300,0.1536660769194697,0.1503890867758831
194904,200,0.1651833371318134,0.1547815999312514
195120,300,0.1638574520918796,0.160870252766878
195336,200,0.1618110021967587,0.1472108002507824
195552,300,0.1575829898896912,0.1652921330176991
195768,200,0.1714388119956078,0.1575903428470935
195984,300,0.1611705721229946,0.1548259563101325
196200,200,0.1679041198577053,0.1556865610023305
196416,300,0.1654973866478111,0.1595617399429872
196632,200,0.1707194580678396,0.164026743302473
196848,300,0.1579808613142242,0.1642270623900839
197064,200,0.1638040743966947,0.1533496967907561
197280,300,0.1571727632328434,0.1545420378588411
197496,200,0.1658366116130414,0.1660290595789377
197712,300,0.1551501928808104,0.1560457204330924
197928,200,0.1641432926022568,0.1586119862472446
198144,300,0.1559503050415845,0.156347572963426
198360,200,0.1579207315277257,0.1510015867278335
198576,300,0.1648133787017204,0.1590447224363514
198792,200,0.1629541663304143,0.1534567032592894
199008,300,0.1578932897486905,0.1545984790195575
199224,200,0.1638260645550238,0.1547333915029176
199440,300,0.1523646879374677,0.157947346095914
199656,200,0.1658174209469853,0.1558895740861683
199872,300,0.1635573606978529,0.1598460415361957
200088,200,0.1596116764372969,0.1543511962511651
200304,300,0.1608272099983034,0.1675623919626296
200520,200,0.1655011127221682,0.1595349484086589
200736,300,0.1538881773640893,0.1653658197198546
200952,200,0.1674487039034469,0.1658401539725874
201168,300,0.1594047392745457,0.1539715150382409
201384,200,0.175936030532904,0.1669899612619043
201600,300,0.1599168697253601,0.1584735517270424
201816,200,0.1658610727007495,0.1592352743777202
202032,300,0.1606860774288619,0.1555706564098174
202248,200,0.1708166465329744,0.1698492557791308
202464,300,0.1556517643201195,0.1537305307910353
202680,200,0.1725929203385535,0.1649583589179637
202896,300,0.1581283006835247,0.1629634135433611
203112,200,0.1666790499094166,0.1518153050766054
203328,300,0.1579142366341989,0.1663452891157476
203544,200,0.1646706164069818,0.1583781745994014
203760,300,0.1566903224608065,0.1617145165493472
203976,200,0.1696702018554026,0.1640273857377499
204192,300,0.157873545284495,0.1558274298740524
204408,200,0.1703734205533397,0.1554327450163661
204624,300,0.164052576962367,0.166918995707395
204840,200,0.1647273332663406,0.1600818820231681
205056,300,0.1593789799472147,0.152485065105788
205272,200,0.1677908879095628,0.1646999704195365
205488,300,0.1636276186593626,0.168392959644732
205704,200,0.1682077912999882,0.1625453469156478
205920,300,0.1560013745621121,0.1588004020327854
206136,200,0.1642517779489191,0.1642920494258396
206352,300,0.1558358635144278,0.1566034097233855
206568,200,0.1688987008358375,0.1664674198454247
206784,300,0.1563664179399224,0.1598820559151221
207000,200,0.168052183165304,0.1513266861089212
207216,300,0.1555632439983304,0.1538206586925224
207432,200,0.1669167791761043,0.1551421126688125
207648,300,0.1595417693284944,0.1555516034719571
207864,200,0.1706478894793926,0.1582056525619221
208080,300,0.1656041477361111,0.1642954919475293
208296,200,0.1626869020127853,0.1536758729479051
208512,300,0.1587086340388337,0.1621740048933868
208728,200,0.1604749110091548,0.1595292437466603
208944,300,0.1613841598177732,0.1567892898836034
209160,200,0.1705332072337791,0.1563298544567443
209376,300,0.1610172544351803,0.1567437622633301
209592,200,0.1709985864610592,0.1575675233321549
209808,300,0.1567208631001351,0.1575133972063292
210024,200,0.1728136462784917,0.1636874255722852
210240,300,0.1626850925384282,0.1552077491562906
210456,200,0.1732274316312835,0.1567340433489448
210672,300,0.1594461086429731,0.1558533394323813
210888,200,0.1723764665369567,0.1709811749667804
211104,300,0.1608146945917447,0.1629450096125076
211320,200,0.1682963136701917,0.1603966660914987
211536,300,0.1583674456144159,0.1545061283171441
211752,200,0.1646141019452007,0.1566644566748298
211968,300,0.1534597440075385,0.1542159467387815
212184,200,0.172098035120877,0.162749361053129
212400,300,0.1653090280859163,0.1652824970307784
212616,200,0.1743646905911502,0.1635090976192084
212832,300,0.1578913696704555,0.1637850536901101
213048,200,0.1658401262901856,0.1582497204723093
213264,300,0.158731484411319,0.1653380298939012
213480,200,0.1656858487519048,0.1504680882787022
213696,300,0.1539066339283313,0.1637616491363147
213912,200,0.1720059742446403,0.1559655277669765
214128,300,0.1519611925099949,0.1545528442608502
214344,200,0.1703683741443545,0.1689869356982367
214560,300,0.1612203743060236,0.1576655859861025
214776,200,0.1680796291022765,0.1638912051863791
214992,300,0.1594065290072849,0.1601220549138898
215208,200,0.1725737941682883,0.1568434995292651
215424,300,0.1601317070500479,0.1633858002135606
215640,200,0.1688174192180517,0.1537408542099063
215856,300,0.1586679111211586,0.1560073197331986
216072,200,0.1682923800071648,0.1587244024632719
216288,300,0.159055001649989,0.1569954705341545
216504,200,0.1629762005818827,0.1551292072387584
216720,300,0.154234147139741,0.1578726729068888
216936,200,0.1634358542889215,0.1612250264949113
217152,300,0.1552760433683196,0.1595285386211376
217368,200,0.1691170739180733,0.163228194365548
217584,300,0.1586029002209262,0.1566230313557548
217800,200,0.1685703818274893,0.165841222598742
218016,300,0.1551489701426842,0.1653487857796945
218232,200,0.1674064290995706,0.1578611860800494
218448,300,0.1566217434857269,0.1588547394739635
218664,200,0.1706935245961108,0.1587369987041053
218880,300,0.1619864721187396,0.1662194895203647
219096,200,0.1711003028869986,0.1783164413146086
219312,300,0.1572054527467175,0.1568229315190664
219528,200,0.1730221889781354,0.1601858255959047
219744,300,0.164279670796451,0.1604328376748309
219960,200,0.1705194355740388,0.1616306395501394
220176,300,0.1516434590471925,0.1518386057976849
220392,200,0.1644636081452299,0.1581324990121176
220608,300,0.1578213199021447,0.1704771857628488
220824,200,0.1717475749152239,0.1637479579140022
221040,300,0.1612080932103841,0.1623124462480474
221256,200,0.1620660253711308,0.1604900849637836
221472,300,0.1608774392296388,0.1639558594313663
221688,200,0.1733531032229632,0.1556878825319658
221904,300,0.1635178036041688,0.1625806430422472
222120,200,0.1650248235087062,0.1501536331531783
222336,300,0.1615943467827352,0.1643772679777884
222552,200,0.1608267418482839,0.1589563829871636
222768,300,0.1570364827351502,0.1637009597167475
222984,200,0.1708230228441481,0.1597963919292197
223200,300,0.17001308137364,0.1582997174255751
223416,200,0.1653579267576738,0.168796377795771
223632,300,0.1592038033933914,0.1588809272239066
223848,200,0.1628581676207699,0.1688997774101334
224064,300,0.1563336910012391,0.1601712496830217
224280,200,0.1607429173801701,0.1579831650838197
224496,300,0.1582353556384569,0.1557129831710955
224712,200,0.1669764615814971,0.1675762314669572
224928,300,0.1583387070011412,0.1556554855778444
225144,200,0.1582363921309964,0.1572138717403378
225360,300,0.1598203855943353,0.1572474505163462
225576,200,0.1732363543821165,0.1651138777994889
225792,300,0.1643915764840203,0.16126837849737
226008,200,0.1714607580821606,0.1682767946742006
226224,300,0.1605551070817265,0.1617867807925836
226440,200,0.1611948378767006,0.1620710715712435
226656,300,0.156030712506643,0.1521325257149781
226872,200,0.1630561908577773,0.154590133920108
227088,300,0.1603073474943419,0.1631624375433202
227304,200,0.1644320550034433,0.1576474979150632
227520,300,0.1562628436090698,0.1629395554732615
227736,200,0.1613150203267033,0.1631003899745799
227952,300,0.1599863704434009,0.1579310759049011
228168,200,0.1603347673785955,0.1529798982339107
228384,300,0.1658481918698902,0.1551163606240636
228600,200,0.1661384795474065,0.1611073718238176
228816,300,0.1559367082300128,0.1609920631499228
229032,200,0.1640537812348932,0.1525771910329334
229248,300,0.1573518027551326,0.1593293193393386
229464,200,0.1647343429032286,0.16428892967718
229680,300,0.1555918542528871,0.1615241458949889
229896,200,0.1656033655710978,0.1625958527854281
230112,300,0.1577075858320255,0.1660728209136317
230328,200,0.1732503652809497,0.168049056591679
230544,300,0.1567245162968524,0.1585053695256334
230760,200,0.1685756527426503,0.1639613807300045
230976,300,0.1591504218004522,0.1570392186264107
231192,200,0.1708223263028733,0.1673266234039142
231408,300,0.1550945691127223,0.1588266672050849
231624,200,0.1678817616370679,0.1587001286277296
231840,300,0.1565139816591235,0.1547088708275981
232056,200,0.171866009962217,0.1649863264501541
232272,300,0.1615419601043531,0.1615279144485804
232488,200,0.1694719001994424,0.1530237521379104
232704,300,0.1584022273725578,0.1603454916189619
232920,200,0.1745544381083535,0.1640283883152572
233136,300,0.1570421808345115,0.1662226788097122
233352,200,0.1656640218365412,0.1578739689967674
233568,300,0.1601500314599137,0.1605862108814954
233784,200,0.1677155996288975,0.1520749335150329
234000,300,0.1572961653822314,0.1550875458508572
234216,200,0.1604731617749784,0.1621069656524581
234432,300,0.1594829633170217,0.1604476252474622
234648,200,0.1724731206072733,0.1625355887399986
234864,300,0.1584165529988755,0.158605279225336
235080,200,0.1671473907284852,0.1621485901838921
235296,300,0.1590478282875824,0.1597607031145844
235512,200,0.1674014225540094,0.1651986583179759
235728,300,0.1634521881248418,0.1638050094054457
235944,200,0.1650863618542642,0.1604260116370306
236160,300,0.1647041162591881,0.168022361844952
236376,200,0.1667984648596698,0.156648284393983
236592,300,0.1651825801352547,0.1638592444996961
236808,200,0.1698258442162049,0.1591340524635136
237024,300,0.1603567720452959,0.1566608836477136
237240,200,0.17003153027792,0.1650026630693387
237456,300,0.163404173579525,0.1603873370132238
237672,200,0.1713176440514028,0.1571849832383985
237888,300,0.1548735536284852,0.161197484102854
238104,200,0.1698060623366807,0.1616633649371325
238320,300,0.1600151110166659,0.1626255542124663
238536,200,0.17196077895277,0.1570514364292108
238752,300,0.1600993226752294,0.1641012291254844
238968,200,0.1717037493808242,0.1664183937266025
239184,300,0.1635220177952774,0.160018721955549
239400,200,0.1612446033679729,0.1546544287314538
239616,300,0.1592748199272294,0.1622171829045934
239832,200,0.1616078832246712,0.1504114548077119
240048,300,0.1651113002588456,0.1650510700029523
240264,200,0.1673158458893321,0.1687892617495711
240480,300,0.154478700196404,0.1660540738615192
240696,200,0.1697698558125262,0.1689827790380934
240912,300,0.1632121282683531,0.1634728587946056
241128,200,0.1626752853608567,0.1614444395482336
241344,300,0.1575100542473641,0.1610557964797435
241560,200,0.1621732998118265,0.1606585717651017
241776,300,0.1588168863179069,0.152659897952296
241992,200,0.1656634228482737,0.162529231716227
242208,300,0.1583105937947621,0.1572066470135478
242424,200,0.1753481871515817,0.1557797317247804
242640,300,0.1605932678462701,0.1600049515929683
242856,200,0.1722907113268935,0.1589807364632239
243072,300,0.1585462382698645,0.1633596876611674
243288,200,0.1692615456050049,0.1631693185165843
243504,300,0.1537534159601001,0.1574365517261117
243720,200,0.1706345807899051,0.1611272661479196
243936,300,0.1601299634107791,0.1572255555941937
244152,200,0.1665045245364902,0.1735451791614656
244368,300,0.1602277998240717,0.1662362209424472
244584,200,0.1757925055578161,0.1705083620506424
244800,300,0.1574178502879682,0.1585960388147914
245016,200,0.1736009593769304,0.1642638972880093
245232,300,0.1567437340091472,0.1545609480036336
245448,200,0.1689289062769476,0.1570626083151253
245664,300,0.1586406391690004,0.1589970168315293
245880,200,0.1709794837755543,0.1609162565835044
246096,300,0.161786303283512,0.1628465303048192
246312,200,0.1686212605641631,0.1642758546393841
246528,300,0.1590320160020411,0.1585285351390546
246744,200,0.1631784603740058,0.1537120612055061
246960,300,0.1596048583533489,0.1571880083511974
247176,200,0.1698261632176685,0.1718528613078115
247392,300,0.1642112065014599,0.1674849041696061
247608,200,0.173094299056239,0.1694048468257773
247824,300,0.1572294050168396,0.1576277602780184
248040,200,0.16397201078847,0.1555597547884901
248256,300,0.1547189490989565,0.1523874820272404
248472,200,0.1671927023233322,0.1582214725887603
248688,300,0.1563554374237651,0.1622199488139415
248904,200,0.1626800734847192,0.1524278353378304
249120,300,0.1635574474301026,0.1605285078936435
249336,200,0.1741485355308285,0.1699612113264519
249552,300,0.1580083381306069,0.1647720978943801
249768,200,0.1658934810766931,0.1606927840010163
249984,300,0.1567464201270269,0.155913793409262
250200,200,0.1629686892906996,0.1630148856236309
250416,300,0.1629223846512234,0.1563398740972403
250632,200,0.1659120450979145,0.1624066449316402
250848,300,0.1660865315992371,0.1612727718808631
251064,200,0.1673332581768315,0.1646976713373546
251280,300,0.1612637738464117,0.1676453234395877
251496,200,0.1678607876375111,0.1602465097162058
251712,300,0.1616371862356085,0.1573004539338903
251928,200,0.1732750256896071,0.1606739033419704
252144,300,0.160331787889348,0.1642430906557898
252360,200,0.1725947708979577,0.1611540029978995
252576,300,0.161850029497389,0.1693816240431113
252792,200,0.1682841441563759,0.1526582592885003
253008,300,0.1569467372894497,0.1565803504459204
253224,200,0.1705885954015017,0.1635946974702297
253440,300,0.1678212971405364,0.1634523112236566
253656,200,0.1621129564278118,0.1579514212883516
253872,300,0.1600691164761105,0.1637670367609898
254088,200,0.1686979407999948,0.1467039674796404
254304,300,0.1644058050902718,0.1653967543049939
254520,200,0.1672567200431664,0.1577907480117378
254736,300,0.1635586768118453,0.1611472831005755
254952,200,0.166659719562351,0.1577364156879068
255168,300,0.1625674618684804,0.1610863178480382
255384,200,0.1703681105170348,0.1593128911250002
255600,300,0.1575136930492192,0.156826926586261
255816,200,0.159812991701623,0.1613795936903778
256032,300,0.1554895701842725,0.1548536792885154
256248,200,0.1641133372818727,0.155048380433993
256464,300,0.1678862049118217,0.1635348634021114
256680,200,0.1712444836829298,0.1676506706923323
256896,300,0.1532610234089771,0.1554309129769721
257112,200,0.1660710849792983,0.1599131659816029
257328,300,0.1595202869963753,0.1591009565227212
257544,200,0.172342822864613,0.1518502061792666
257760,300,0.1619070045968848,0.1631482466619606
257976,200,0.158871253858577,0.1592588184730246
258192,300,0.1636639407786322,0.1615793295690987
258408,200,0.1681615830951395,0.1570666496029912
258624,300,0.1565930161292673,0.1567702358580106
258840,200,0.1682050166110842,0.1621253230747791
259056,300,0.1570245095504291,0.1574462663936506
259272,200,0.1706703141336161,0.1585387893162525
259488,300,0.1569658400482291,0.1569309948560948
259704,200,0.1702706363078454,0.1566416858505983
259920,300,0.1599818308851943,0.1584289594332403
260136,200,0.1713613523283403,0.1652091355968115
260352,300,0.1640006651497069,0.1652839277666865
260568,200,0.1690189174877704,0.1625581689349328
260784,300,0.1546622120327719,0.157520678968495
261000,200,0.1713859512835167,0.1624002501447521
261216,300,0.1517021911089329,0.1615562062640359
261432,200,0.1626764489843504,0.1563942497952256
261648,300,0.1613562134206067,0.1624172097996657
261864,200,0.1742470044102598,0.1678300303149552
262080,300,0.159725513806217,0.1691456421193817
262296,200,0.1711927574513455,0.1609604722643967
262512,300,0.1574547217975847,0.1638404380911306
262728,200,0.1677310280539367,0.1684071321687293
262944,300,0.1651958881244778,0.1615497466051414
263160,200,0.1666080746067384,0.1550433277597911
263376,300,0.1493401278534017,0.153126526584603
263592,200,0.1595579643609576,0.1665218268033903
263808,300,0.1596448764366828,0.1622121175539754
264024,200,0.1630282905936226,0.1596768249441973
264240,300,0.1675051768910374,0.163111648012008
264456,200,0.1594424214197504,0.1550647010225312
264672,300,0.160829870464492,0.1679120218134747
264888,200,0.1576292546606547,0.1550585448061903
265104,300,0.1590691141585559,0.1600647811634742
265320,200,0.1630822324423908,0.1551683980792504
265536,300,0.1548910975222284,0.1611660153554533
265752,200,0.1673834875145231,0.1598207997379479
265968,300,0.1534460358416563,0.1593556682085714
266184,200,0.1710287833453917,0.1624337073213871
266400,300,0.1567964544752733,0.1546936399343599
266616,200,0.1684523606171488,0.1563956797015936
266832,300,0.1613816352930721,0.1667393238153845
267048,200,0.1635850939867686,0.1626883055960497
267264,300,0.1621322905006634,0.1664191337132525
267480,200,0.1692194147928153,0.1625452634566366
267696,300,0.1604961307440006,0.163645785586029
267912,200,0.1728828406051331,0.1608063582218759
268128,300,0.1596309770878534,0.1587693502829136
268344,200,0.1645982031137551,0.1517029787805343
268560,300,0.1567858432023717,0.1623092345347144
268776,200,0.1694194204237141,0.1660800614606252
268992,300,0.1548100612407983,0.1640186690893609
269208,200,0.1703041289647165,0.1634228796618684
269424,300,0.1574119936790736,0.1612806390005679
269640,200,0.163584803370679,0.1619006120814799
269856,300,0.1671202628514112,0.1552585101306171
270072,200,0.1678261456451583,0.1578602777908076
270288,300,0.1602147273821945,0.1589293597988216
270504,200,0.1649312323608795,0.1643860614161081
270720,300,0.1627469753186795,0.1572265594317589
270936,200,0.1654344701766724,0.1572663295423375
271152,300,0.1604608266284663,0.1559830129388533
271368,200,0.168386141009157,0.1664993853380359
271584,300,0.1554241857308375,0.1595935002577948
271800,200,0.1656700232745191,0.163631078538181
272016,300,0.1623974683774313,0.1577637634137539
272232,200,0.164661687136669,0.1658794820839169
272448,300,0.1627203544565532,0.1493709076027114
272664,200,0.17147384531159,0.1772217750862818
272880,300,0.1572424439336129,0.1594003780555712
273096,200,0.163524641783554,0.1608232569996879
273312,300,0.1583615613180517,0.1529687905801061
273528,200,0.1763723960533296,0.1541700080032624
273744,300,0.1603935946265234,0.1662391632330318
273960,200,0.1678253533278115,0.1611984026501393
274176,300,0.1569536409521711,0.1485976907202067
274392,200,0.1715626255922436,0.1581955445197355
274608,300,0.1573264734676306,0.1624697929089275
274824,200,0.1716658860975257,0.1593652591622325
275040,300,0.1636999250017202,0.1610818441374805
275256,200,0.1689395283979956,0.1537527076300308
275472,300,0.1595529949387211,0.1551408194983374
275688,200,0.1643290351695637,0.1560266123672956
275904,300,0.1577388079090383,0.1584590960690273
276120,200,0.1685069191560198,0.1634932937204181
276336,300,0.1537541635209381,0.1579696858427939
276552,200,0.1727565376684359,0.1678798435116259
276768,300,0.1566184029444781,0.163126338254267
276984,200,0.1707411950285706,0.1597851302972616
277200,300,0.1568258837422545,0.1659494865751777
277416,200,0.1745009267420826,0.1655711669546279
277632,300,0.1591093088167647,0.1584463817675071
277848,200,0.1614876708256507,0.1529214141323809
278064,300,0.1641190495155521,0.1639313013541496
278280,200,0.1674492282749437,0.1611635352175795
278496,300,0.159733497868366,0.1571083909476928
278712,200,0.171219237304694,0.1653061080099139
278928,300,0.1604314536476059,0.1565122791187178
279144,200,0.1700944973655685,0.1595347191480606
279360,300,0.1603761023301375,0.1615758855054324
279576,200,0.1658361978919148,0.1586605603488775
279792,300,0.1564855859124187,0.1624564787257399
280008,200,0.1703099327646961,0.1698816845319996
280224,300,0.1589006748141252,0.155388407465512
280440,200,0.1677045806949092,0.167598003447867
280656,300,0.1583723535976783,0.1532679367491606
280872,200,0.1600925517899301,0.161573989523381
281088,300,0.1615444510799008,0.1643809188120188
281304,200,0.1758073542403416,0.1612023688169852
281520,300,0.1691145832079373,0.1679204806231319
281736,200,0.1704308485770967,0.1595044557265458
281952,300,0.1618368486926752,0.1544675974109267
282168,200,0.168059364081537,0.1604718578995116
282384,300,0.1626777535693438,0.1650529845314246
282600,200,0.1601523852274766,0.1515217004919444
282816,300,0.1566671081358193,0.1489753249897237
283032,200,0.1615501245764737,0.1578651548869728
283248,300,0.1577010605717265,0.1609784944752825
283464,200,0.1605546547042634,0.1563514941278293
283680,300,0.1591079669121303,0.1610519143017532
283896,200,0.169871297562512,0.1580372886003754
284112,300,0.1627123184597122,0.1625441444755981
284328,200,0.1648342192728125,0.1600868102034454
284544,300,0.1589968806794659,0.161742478062884
284760,200,0.1693101781609363,0.1649400422967763
284976,300,0.1558360260005369,0.1602613180043281
285192,200,0.1724314310777123,0.1702518609184571
285408,300,0.159811667537726,0.1662250606117589
285624,200,0.1631970493357048,0.1465451040332402
285840,300,0.1617617932025154,0.1616119956117903
286056,200,0.1684505134192611,0.1516910056329939
286272,300,0.1573160124390074,0.1669283155382392
286488,200,0.1695597840873686,0.1576027377057612
286704,300,0.1577680367743424,0.166408708324869
286920,200,0.1676548790017786,0.1597028738813686
287136,300,0.1588699744888255,0.1558001540327802
287352,200,0.1661583665121057,0.1725571083310604
287568,300,0.1548457488298067,0.1599429571233952
287784,200,0.17035498874142,0.1633416885262036
288000,300,0.1566668612461376,0.1629668968442349
288216,200,0.1606613920611065,0.1605367103260155
288432,300,0.1656876013130191,0.1577484122245611
288648,200,0.1703465623095753,0.1590608605226628
288864,300,0.1637921389025898,0.1673713038688701
289080,200,0.1658501751126878,0.1686728954994913
289296,300,0.1535310831711558,0.1620570969187024
289512,200,0.1733648096280916,0.1662325377013595
289728,300,0.1615079566999811,0.1637737866097277
289944,200,0.1625487899565289,0.1574094149041567
290160,300,0.1647656486038273,0.1603645998368262
290376,200,0.1726795537398956,0.1566441338236742
290592,300,0.1555346891320199,0.1622236955972065
290808,200,0.169182083368734,0.1614248302806853
291024,300,0.1605421328392466,0.1592484895849126
291240,200,0.1740866050708071,0.1674803110289327
291456,300,0.1583725779195307,0.1535693027236969
291672,200,0.1663812685298623,0.1661627762093189
291888,300,0.161789772848746,0.1635565957777717
292104,200,0.1643710458715242,0.1513560516868336
292320,300,0.1583498966416928,0.1637226505448429
292536,200,0.1614520842214825,0.1536775158375821
292752,300,0.1587228733084406,0.1545524345709632
292968,200,0.1665374216093796,0.1681583740144037
293184,300,0.1606428666336686,0.1627064250736389
293400,200,0.1689541101693859,0.1639676326250745
293616,300,0.1618288556747326,0.1593973227731766
293832,200,0.1736342449216958,0.1567623532955101
294048,300,0.1543306463854683,0.1564619522869577
294264,200,0.1646162334676412,0.1659795933522135
294480,300,0.1576085865987266,0.1598227544439575
294696,200,0.1691269190240973,0.1715603344141226
294912,300,0.1626017970005058,0.1584227382518261
295128,200,0.1726140925408874,0.1623578836867552
295344,300,0.1536165629293412,0.1574588917577369
295560,200,0.1671292162838573,0.1472058019865732
295776,300,0.1585597280870968,0.1633162018339797
295992,200,0.1729787119869774,0.1623312050121913
296208,300,0.1603701620541346,0.16093719103876
296424,200,0.1742084892951643,0.167117706410245
296640,300,0.1540926087608472,0.1617936466139038
296856,200,0.1639830352005654,0.1576438185220482
297072,300,0.1541436336498229,0.1612064989141154
297288,200,0.164898252555418,0.1557600178369559
297504,300,0.1615510439496244,0.1650678738168585
297720,200,0.1628899453115541,0.1544075323596818
297936,300,0.1602718490718027,0.1619303386710585
298152,200,0.176351591808262,0.1501448038278617
298368,300,0.1594151967729677,0.1598581688793909
298584,200,0.1680406422085984,0.1604914962389251
298800,300,0.162000935626944,0.163136362027548
299016,200,0.1676418425547237,0.162108705435185
299232,300,0.1574467972936531,0.1535392313487316
299448,200,0.1643206655734568,0.1593443715658372
299664,300,0.1496805290194888,0.1678317060403618
299880,200,0.1756723483468212,0.1613241535472868
300096,300,0.1544183739233927,0.1601205597292994
300312,200,0.1657353934712936,0.1609247247407901
300528,300,0.1589021654991929,0.1621514937518626
300744,200,0.1626881054375646,0.1561934659833807
300960,300,0.1570326018719042,0.1525905596063476
301176,200,0.1626777711599394,0.1580075540619314
301392,300,0.1567756263393215,0.1535214622223036
301608,200,0.1633506682454731,0.1516114262307758
301824,300,0.156999606420484,0.1642050263973013
302040,200,0.1672388999502162,0.1541038064100154
302256,300,0.1565255758016849,0.1673963072404399
302472,200,0.1641868127642953,0.1569525080710187
302688,300,0.1569835901034088,0.1599608374628462
302904,200,0.1673542431988111,0.151514415082005
303120,300,0.1667320124837169,0.1590107889111948
303336,200,0.1694151556410464,0.1545814529058267
303552,300,0.1567495793282108,0.1661751529790561
303768,200,0.1694988608904875,0.1582327070574071
303984,300,0.1527162096156805,0.1576175555564934
304200,200,0.1790632772152516,0.168070905547369
304416,300,0.1557024933171104,0.1531771849285458
304632,200,0.1722578980957744,0.1576517589159128
304848,300,0.1596744192365353,0.1570895651111414
305064,200,0.1718734564204117,0.1623656286625706
305280,300,0.1597132524942452,0.1604946525714556
305496,200,0.1680210126730126,0.1545816029909466
305712,300,0.159769663341506,0.1569287448676773
305928,200,0.1773071182992965,0.1741130983718977
306144,300,0.1652132163653032,0.1564584086101019
306360,200,0.1774030822979907,0.1590976270927828
306576,300,0.1578769443717535,0.1554983583240918
306792,200,0.1584814445745225,0.1526557028922452
307008,300,0.1593590808759372,0.1535439019024011
307224,200,0.1635320602580512,0.1570552240483713
307440,300,0.1570571435508935,0.1520519823837185
307656,200,0.1678666894686619,0.1641098613414811
307872,300,0.1601328265753976,0.1590878989424982
308088,200,0.1761436175989746,0.1707190001945278
308304,300,0.1639880998789646,0.1657005901580346
308520,200,0.166942402877563,0.1533697629051886
308736,300,0.1573912494874887,0.1626214318862504
308952,200,0.1721476870864972,0.1600934159454572
309168,300,0.1584673386803018,0.1569941098827738
309384,200,0.1624547787391328,0.1603590408615859
309600,300,0.1564499220778819,0.1595453858144579
309816,200,0.1747659234310324,0.1645513978721335
310032,300,0.1630640109415339,0.1620750949386457
310248,200,0.1664297477064768,0.1676679354303076
310464,300,0.1612022243369594,0.1616225263280857
310680,200,0.1677589545163814,0.1640409718359951
310896,300,0.1600583314525403,0.1517370879460933
311112,200,0.1729876745682974,0.1610564355487206
311328,300,0.1608014170524498,0.1596690654456811
311544,200,0.1612769058659573,0.1572181818294749
311760,300,0.160488023584635,0.1600227778563338
311976,200,0.1687313843372021,0.1526982482269316
312192,300,0.1513980666607895,0.1554366393007314
312408,200,0.1687454244409651,0.1650215281051867
312624,300,0.1515905166612665,0.1653851594919878
312840,200,0.1735366952566955,0.1657254164732605
313056,300,0.1615488708026851,0.1567120263252236
313272,200,0.1692974963975458,0.1573236869244194
313488,300,0.1607306277888638,0.1583293243362424
313704,200,0.1700131162831535,0.1605727264130023
313920,300,0.1575044527828083,0.1623409350155898
314136,200,0.1706644631281006,0.1589207954107555
314352,300,0.154178379775818,0.1598134157900438
314568,200,0.1694985587588451,0.1575415314899489
314784,300,0.1564055045297759,0.1632480859476917
315000,200,0.1651346547510849,0.1537379121380589
315216,300,0.1557111731891455,0.1609819403916266
315432,200,0.1702474658580045,0.1599815353919808
315648,300,0.1605189218402941,0.1668650392229589
315864,200,0.1660837450950779,0.1496301088929447
316080,300,0.1612810247210954,0.1552603497680484
316296,200,0.1637857548674853,0.1605011853619802
316512,300,0.1606671165553577,0.1603283743028258
316728,200,0.1690409042300235,0.1634542413783214
316944,300,0.1636707566936203,0.1596674877259366
317160,200,0.1702516979044203,0.1613797452684982
317376,300,0.160898911873026,0.160393166803081
317592,200,0.1661928668752681,0.1609963361970867
317808,300,0.152057446127771,0.1536246795213749
318024,200,0.1681837779833884,0.1518025947470875
318240,300,0.1675256822316616,0.1610734576220453
318456,200,0.1618898414197979,0.1547347398925176
318672,300,0.1557883633416729,0.16303659284757
318888,200,0.1639560953864512,0.1601524378003685
319104,300,0.1637936703671635,0.1642335601310902
319320,200,0.1724472657349594,0.1688404498591422
319536,300,0.1674350330085138,0.1632782499344333
319752,200,0.1593305554195306,0.1555870814044857
319968,300,0.1638568644653868,0.1603816293116829
320184,200,0.1681934538615526,0.1575978193122507
320400,300,0.1577235186661582,0.1644820309720806
320616,200,0.1715075040886737,0.171403429430466
320832,300,0.1577368300830451,0.1571775178539817
321048,200,0.1729591459666669,0.1655004640488497
321264,300,0.1605637177194503,0.1531881519760806
321480,200,0.1705305044062066,0.1567884515591504
321696,300,0.1547647514415298,0.1500317320522622
321912,200,0.1697052241273095,0.1686829781511583
322128,300,0.1628172217459134,0.1660717251802817
322344,200,0.1718545532831981,0.1634480792516642
322560,300,0.1693980080548756,0.164530434776892
322776,200,0.1649035947290428,0.1623373774588379
322992,300,0.1569202894177556,0.1534848774873264
323208,200,0.1633566690973424,0.1604462787326172
323424,300,0.160102685585676,0.1650829072520871
323640,200,0.1663161766727817,0.1537120033562699
323856,300,0.1648209380020151,0.1576614421784198
324072,200,0.1733858631870722,0.1570718027710739
324288,300,0.1588525144107109,0.1601142736144423
324504,200,0.169670114290823,0.1584278202359887
324720,300,0.1574105546531556,0.1566216010921961
324936,200,0.1648085216724092,0.163867921642009
325152,300,0.1580017387973004,0.1593456968464431
325368,200,0.1589656860703313,0.1519004078179037
325584,300,0.1617062225371597,0.1607075084185714
325800,200,0.175467911414086,0.1549838933890749
326016,300,0.156517872115422,0.1629869825103414
326232,200,0.1676581066412335,0.1536197740825595
326448,300,0.1605095280276337,0.1560996520660444
326664,200,0.1572731539404318,0.1506843367971661
326880,300,0.1616864831340458,0.1654235309836108
327096,200,0.158843791676299,0.1591152178803906
327312,300,0.1550111005437207,0.155804585904598
327528,200,0.1656084664172933,0.1514842441849043
327744,300,0.1667048626672632,0.1644428558386052
327960,200,0.1616733850617636,0.1530227977159393
328176,300,0.1535823381177365,0.1600409318700172
328392,200,0.1749272917405065,0.163321160420812
328608,300,0.1639535094882634,0.1630478312391378
328824,200,0.1681276981811222,0.1564332537163945
329040,300,0.1587461882679159,0.1629323151597508
329256,200,0.1616865093678585,0.1518028488640174
329472,300,0.1522731002901404,0.1604416751103848
329688,200,0.175571556763744,0.1645513518366557
329904,300,0.160643816372764,0.1585624919489945
330120,200,0.1693112132541765,0.1661883732483687
330336,300,0.157197870647735,0.1535962294387054
330552,200,0.1776741114883058,0.1758440399395922
330768,300,0.1590224524859303,0.1574590779685312
330984,200,0.1662195274390894,0.1572316599955344
331200,300,0.163652495740921,0.1616610146083131
331416,200,0.1648087836156247,0.1513205931131933
331632,300,0.1677659084005321,0.1640585766641857
331848,200,0.1704223129442953,0.1585369294449125
332064,300,0.1577256812174249,0.1639908349009594
332280,200,0.1714944085324945,0.162800227186366
332496,300,0.1636760456827071,0.1522280078547195
332712,200,0.1728827187569599,0.1727596110833858
332928,300,0.1609417275703195,0.1608916699139466
333144,200,0.1686437151525132,0.152944875146742
333360,300,0.1721693661493843,0.1577390095472779
333576,200,0.1735713109757534,0.1557749875569469
333792,300,0.1541177923752964,0.1623024120796633
334008,200,0.1629501209917985,0.1507832038268904
334224,300,0.1564315017100324,0.153413988033793
334440,200,0.1699346721748013,0.1564127384963202
334656,300,0.1531296956264499,0.1583012775601261
334872,200,0.171589938851234,0.165715615562487
335088,300,0.1554481956371748,0.1634856293810794
335304,200,0.1748265431587242,0.1585267638653606
335520,300,0.1547828691375144,0.158240535391003
335736,200,0.1688916011968674,0.1609875872820956
335952,300,0.15695272035434,0.1605604238407815
336168,200,0.1748519602465138,0.1618071490231822
336384,300,0.1539433156751534,0.1529496880672746
336600,200,0.1646164313562518,0.1579760078931281
336816,300,0.1607215834826463,0.161865503079883
337032,200,0.1649230950984381,0.1577317950354134
337248,300,0.1547734541243775,0.1614698187035836
337464,200,0.1662637705163457,0.1574859113642458
337680,300,0.1585795695546424,0.1570838607651258
337896,200,0.1736345450295837,0.1594245678816903
338112,300,0.1570444868997295,0.1475918365141508
338328,200,0.1624928539377812,0.1620943184683094
338544,300,0.1603832198482643,0.1630061474909357
338760,200,0.1708329862156554,0.1598653130618449
338976,300,0.1536095770749371,0.1524984437416702
339192,200,0.1746932280765125,0.1686961812651725
339408,300,0.1577661496276301,0.1554612761325898
339624,200,0.1625355430907216,0.1640767715598066
339840,300,0.1568512160399953,0.1621894208105848
340056,200,0.1657689989451875,0.1602669273704198
340272,300,0.154076132021826,0.1495854907291781
340488,200,0.1604460149693208,0.1537505117240788
340704,300,0.1620028697112538,0.1642044683181304
340920,200,0.1724724033604544,0.1631176092148314
341136,300,0.1613121993109181,0.1651264566782173
341352,200,0.1615489190500471,0.1552520519417756
341568,300,0.1609689085350154,0.1610062604414128
341784,200,0.1705158605924134,0.1581102634243208
342000,300,0.1615920814350667,0.1663692011136193
342216,200,0.1664654941580502,0.1652586510599638
342432,300,0.16837640886019,0.1618157128853824
342648,200,0.1712449199567267,0.1561236519020659
342864,300,0.1549670075514443,0.1497816194941435
343080,200,0.162838914063053,0.157506329794971
343296,300,0.1652492503203263,0.1637961031688536
343512,200,0.1727418167170024,0.1677783459766713
343728,300,0.166476700251532,0.167414401931819
343944,200,0.1683617028333868,0.1553414081048728
344160,300,0.1607854015562302,0.1603491154173268
344376,200,0.1725046217572238,0.1658219873998733
344592,300,0.1508277466006242,0.1553466711565401
344808,200,0.1716694508155639,0.1707643014498005
345024,300,0.165850728308485,0.1592697019115903
345240,200,0.1715251537272235,0.1641189572658793
345456,300,0.1507762629432188,0.1548314951012725
345672,200,0.1754211824988309,0.1685501684668547
345888,300,0.1660984005296512,0.1524308397486819
346104,200,0.1728000913270601,0.1619118321697983
346320,300,0.1610120018593946,0.1598104965627907
346536,200,0.1685058973609616,0.1591825300994839
346752,300,0.1670866864992395,0.1703877877266965
346968,200,0.1706870206602752,0.1503835178769982
347184,300,0.154673435197059,0.1521756355245473
347400,200,0.1693608679564656,0.1578164512626531
347616,300,0.1589067397114518,0.1595563077715956
347832,200,0.1676938259036714,0.160747919869134
348048,300,0.1644236699856828,0.1652935407736218
348264,200,0.1750374983854571,0.1618707876641942
348480,300,0.1648579656785378,0.1622332824712394
348696,200,0.167476117928361,0.1676245510541493
348912,300,0.159987743471805,0.1559988885922223
349128,200,0.1685292209469802,0.1551745544419828
349344,300,0.165197792712385,0.1692275730655917
349560,200,0.1684702571534218,0.1625332766237728
349776,300,0.1594550139309535,0.1558689947434787
349992,200,0.1661946993488324,0.1458725945611334
350208,300,0.1602304082169266,0.158930947692744
350424,200,0.1743614307361011,0.1740920179010875
350640,300,0.1564881545035726,0.1598575677527892
350856,200,0.17388995925052,0.1575333790075177
351072,300,0.1621997112435398,0.1605397071703901
351288,200,0.1658273082396448,0.1573264640489506
351504,300,0.1575129886413281,0.1609480417788425
351720,200,0.1659497419321383,0.1588554733733912
351936,300,0.1572151383371169,0.16437250772879
352152,200,0.1685269601416412,0.15522123695433
352368,300,0.1645841613729304,0.1683412183330557
352584,200,0.1700768737208189,0.1603950743931264
352800,300,0.1617320476540569,0.1627944582775022
353016,200,0.1654371596767584,0.1530170774895125
353232,300,0.1657189925844519,0.1642815014240936
353448,200,0.1689989468700904,0.1627483207407981
353664,300,0.1584252897098633,0.1592911328632621
353880,200,0.1700318706942737,0.1645691610090656
354096,300,0.1618958983387342,0.1542796260691937
354312,200,0.1691912363243114,0.1527740316547571
354528,300,0.1631025126813284,0.1638059769099094
354744,200,0.171678533117369,0.1575112947266025
354960,300,0.1582688654342961,0.154812010684288
355176,200,0.16468867417976,0.1579105759460675
355392,300,0.1602179075217303,0.1608347505222231
355608,200,0.16774613535023,0.1639064941316224
355824,300,0.157467314572921,0.15969596181176
356040,200,0.1712037518408582,0.153774522325741
356256,300,0.1593796716194531,0.1605302837395558
356472,200,0.1639769440000679,0.1648204450583441
356688,300,0.1598687350587968,0.1545398298427599
356904,200,0.169610496286487,0.1716583139526343
357120,300,0.1582028606663845,0.1571687935095892
357336,200,0.1635699256678173,0.1599989632320957
357552,300,0.1627638875105015,0.1573573276915305
357768,200,0.1644611829326435,0.1616609004011497
357984,300,0.159475658121832,0.1605831392167036
358200,200,0.1717574863428572,0.1601800048017039
358416,300,0.1627781290288683,0.1577658429475448
358632,200,0.176485673194519,0.165596631720877
358848,300,0.1582628687021733,0.1622028005091106
359064,200,0.169175968165079,0.1583249023345088
359280,300,0.1605962687473171,0.1545935401528257
359496,200,0.1687036290941082,0.1564942347498501
359712,300,0.1665702687204103,0.1646999698275967
359928,200,0.1678312542422092,0.1670804295081725
360144,300,0.1579739055127576,0.1600444285378907
360360,200,0.1720110708408243,0.1604742935305524
360576,300,0.1553523307313272,0.1615716131314184
360792,200,0.1667535301681227,0.1587605584437452
361008,300,0.1647108395886898,0.1571030609611878
361224,200,0.1643324144369448,0.1585259006252952
361440,300,0.1662239514618957,0.1591450227756222
361656,200,0.16424886317927,0.1641207030962368
361872,300,0.1603425986587438,0.161424029691468
362088,200,0.1715618838833833,0.16916072251534
362304,300,0.155689916071732,0.1591196844208466
362520,200,0.1615397686884116,0.1579356433704779
362736,300,0.1584893689303066,0.1668741163387648
362952,200,0.1739845362885157,0.1581069144426727
363168,300,0.159255909853995,0.157609973910076
363384,200,0.1631510708135638,0.1578490476822366
363600,300,0.1672336011136283,0.1662620860169854
363816,200,0.1659930060496205,0.1593648526357025
364032,300,0.1600686556552874,0.1669098442437208
364248,200,0.1639873048040657,0.1614968281760169
364464,300,0.1615780020727462,0.1613605040834586
364680,200,0.1697663263423786,0.1555965480590043
364896,300,0.1589028569012298,0.1570911879271285
365112,200,0.1717941712089965,0.1666084674069057
365328,300,0.1656831171742084,0.1624650938223553
365544,200,0.1657274483025027,0.1665346357797128
365760,300,0.1511324811634674,0.155816356438239
365976,200,0.1688729184615498,0.1641692620464217
366192,300,0.1561025887010127,0.1526295515061853
366408,200,0.166287930129993,0.1601410922555099
366624,300,0.1667809473782616,0.162525941944575
366840,200,0.1656057520647402,0.1695142050826238
367056,300,0.1565303591443277,0.1575849095816101
367272,200,0.1731707377710376,0.1542705080057853
367488,300,0.1595290103075106,0.1641225468155991
367704,200,0.1724094658998259,0.1663009823439809
367920,300,0.1594737168370944,0.1594501296747617
368136,200,0.1676458895178995,0.1501219626354381
368352,300,0.1612562275345123,0.1583712325948056
368568,200,0.1764483008352811,0.1677824525309126
368784,300,0.1517632671555545,0.1499728151563165
369000,200,0.1743077088201743,0.1742794390193854
369216,300,0.1592161855128081,0.1617636708957898
369432,200,0.1718945368791171,0.1524623304982479
369648,300,0.1587484112102741,0.1587978112740593
369864,200,0.1603117998348594,0.1544837498210561
370080,300,0.1589114686127056,0.160579650950297
370296,200,0.1663668226494261,0.1559376770801884
370512,300,0.1573339414914631,0.1579154483595378
370728,200,0.1647443023114457,0.161216947480722
370944,300,0.1564811147337811,0.1586604385485537
371160,200,0.1647249923278021,0.1559507211213563
371376,300,0.1572227374432311,0.1577378382504003
371592,200,0.164279834000909,0.1502936223688118
371808,300,0.1684619750050369,0.1644809819153574
372024,200,0.1652230629888354,0.1525107586855246
372240,300,0.1556270840899994,0.1567326943160819
372456,200,0.1687990509191847,0.1662021601967334
372672,300,0.1616233286253071,0.1591750348091559
372888,200,0.1651980984536581,0.1637051649799906
373104,300,0.1595650318772741,0.1631915360607181
373320,200,0.176514854789686,0.1708003784671224
373536,300,0.1580631947734659,0.1588961431400343
373752,200,0.1735250743949777,0.1597623292135967
373968,300,0.1558874423642347,0.1599122376744655
374184,200,0.1653084948870004,0.1513408462585662
374400,300,0.1591616927128916,0.1632921232248351
374616,200,0.161936393045294,0.1577968228235448
374832,300,0.1589676891679881,0.1577261091088165
375048,200,0.168897285711772,0.162894182576627
375264,300,0.1587761308705803,0.1619863611301936
375480,200,0.1647569906174184,0.1544321166239833
375696,300,0.1559633668774207,0.1648760744294953
375912,200,0.1597396317092742,0.1570078969684547
376128,300,0.1618689541562753,0.1678388132213992
376344,200,0.1626304539973333,0.1595150578122306
376560,300,0.1580963107989107,0.1615698616812266
376776,200,0.1652640207297362,0.1569589068141169
376992,300,0.1660813174693984,0.1682634124205981
377208,200,0.1706881866255286,0.155604410641963
377424,300,0.1495566735451112,0.1571781063421993
377640,200,0.1782775133250577,0.1598386515710186
377856,300,0.1633328989680317,0.1681723872913058
378072,200,0.1669474255208686,0.1584854728845345
378288,300,0.1593840923322925,0.165658235983789
378504,200,0.1708520279862958,0.1443138894495606
378720,300,0.1565967220818703,0.1553707968099587
378936,200,0.1723609353355648,0.1647728216060449
379152,300,0.1583912394118583,0.1590306870074817
379368,200,0.1664498942578351,0.1637149840408442
379584,300,0.1616380021921761,0.1613037791598911
379800,200,0.1640242079142297,0.1583318440419681
380016,300,0.1572867927876647,0.1606308790789589
380232,200,0.1714786552606825,0.1624807481825924
380448,300,0.1588219662009231,0.1650106245609874
380664,200,0.1645292023585378,0.1552433632842616
380880,300,0.1633957240854181,0.1654235709443137
381096,200,0.168413237236319,0.1612825606488709
381312,300,0.1577121267757769,0.1553924829368475
381528,200,0.1691313358932522,0.1639264247413007
381744,300,0.1610570192062043,0.1608237953921641
381960,200,0.1619109549772009,0.1501984205756883
382176,300,0.1566831132625723,0.1636656604614891
382392,200,0.1671739212151052,0.1561535025455222
382608,300,0.164916813874964,0.1652674242702577
382824,200,0.1681817074910631,0.1591817693954946
383040,300,0.1622501458698265,0.1615362915147347
383256,200,0.1594417709916339,0.158698011210308
383472,300,0.1642428381699342,0.1650997365220534
383688,200,0.1711699219792484,0.1634124975481124
383904,300,0.1648773961035239,0.1691434266985077
384120,200,0.1651377547503268,0.1595943742846343
384336,300,0.1549789265086994,0.1609763774509718
384552,200,0.1676460256951913,0.1568898270994153
384768,300,0.1656470906495905,0.1635781480589669
384984,200,0.1751208079208928,0.1642532509452964
385200,300,0.1592072756437753,0.1563254382098476
385416,200,0.1717540346110171,0.1595088016703551
385632,300,0.1594583460111632,0.1562385703616561
385848,200,0.1634747016654365,0.1616502837002439
386064,300,0.1549445001234622,0.1620522750222263
386280,200,0.1666090891759712,0.1608936756672063
386496,300,0.15646650834587,0.1556045484955087
386712,200,0.1729704601388828,0.1645402040453914
386928,300,0.1637172348509351,0.1538457554832698
387144,200,0.17013859918291,0.1648631724454224
387360,300,0.1558512059639103,0.1557499848220787
387576,200,0.1621433142334567,0.1652495554179069
387792,300,0.1652461565650452,0.1628158625757549
388008,200,0.1746814730513553,0.165125319835907
388224,300,0.16428860050979,0.1657907842568641
388440,200,0.1671063588881174,0.1575790897192825
388656,300,0.1562161922912299,0.1611459264634473
388872,200,0.1719664240833621,0.1562518864789418
389088,300,0.1632083802571959,0.1638522772613841
389304,200,0.1668764499089815,0.1530097879160784
389520,300,0.1577574206812391,0.1629397803853812
389736,200,0.1698060865474256,0.1578926887013967
389952,300,0.1565925533630587,0.1534386858684522
390168,200,0.1652939955754914,0.1599915003196167
390384,300,0.1557249082903531,0.1558422905383595
390600,200,0.1694955916025206,0.1698908894913107
390816,300,0.1508763936100055,0.1548881424527267
391032,200,0.1664213015501451,0.1578177304602445
391248,300,0.1638712211484354,0.1620985026402387
391464,200,0.1729191857004709,0.1587421386142512
391680,300,0.1583164869624873,0.1597796573130647
391896,200,0.1720245572169493,0.1621807070018554
392112,300,0.1629692276789261,0.1592316170568852
392328,200,0.1687267982085725,0.1568625534695272
392544,300,0.1583590120818215,0.1595991799448559
392760,200,0.1622058337296355,0.1598861871446458
392976,300,0.1592581271743283,0.1623592913444099
393192,200,0.1586463303335671,0.1549084741869624
393408,300,0.1591306600588878,0.1616397335895818
393624,200,0.1683609435442231,0.159976175311123
393840,300,0.1617853073000668,0.167375388054795
394056,200,0.1677118966115348,0.1573570326806577
394272,300,0.1611104571667846,0.1641408415710368
394488,200,0.1684036766208104,0.1601422972024275
394704,300,0.1618479865849689,0.1550783125249758
394920,200,0.1654647136464463,0.1628206009058393
395136,300,0.1567909187939938,0.1560590899856324
395352,200,0.1769749005401089,0.1569538967945993
395568,300,0.1575370665449923,0.1564675994575844
395784,200,0.1666005769605388,0.1599353560263562
396000,300,0.1624269310526156,0.1617352374045789
396216,200,0.1635487345403375,0.168936132444273
396432,300,0.1557848455529349,0.1595890663507587
396648,200,0.1597341223497552,0.1585281455295149
396864,300,0.1563649618542785,0.1623930875915498
397080,200,0.1657928299979849,0.1556069829325892
397296,300,0.160125456695862,0.1542445068977167
397512,200,0.174481975864113,0.147876237552088
397728,300,0.1687591691685265,0.1670327373697807
397944,200,0.1708175301585489,0.162798680061441
398160,300,0.1618496291038425,0.1645577594827373
398376,200,0.1642366305909625,0.1611427038984358
398592,300,0.1591312169059555,0.1557189365216299
398808,200,0.1683190078369011,0.1643795723789584
399024,300,0.1671297339194782,0.1606376039986483
399240,200,0.1654807446892064,0.1551719506629555
399456,300,0.1583258489749879,0.1593975380458464
399672,200,0.1792253295470957,0.1592314583677646
399888,300,0.1618288782127916,0.1615607073576273
400104,200,0.1644808606379404,0.1584058361762129
400320,300,0.1584635486171802,0.1582335784915587
400536,200,0.1686580709635328,0.163433681561852
400752,300,0.1537545395371053,0.1600122819841803
400968,200,0.1674571175399234,0.1552501320313192
401184,300,0.166631098841277,0.1553401339951979
401400,200,0.1687773422683537,0.1715296033792553
401616,300,0.1592252995525217,0.1585483912131983
401832,200,0.1675115027031184,0.1518145038108823
402048,300,0.1556319649426613,0.1571695225048891
402264,200,0.1757527985031512,0.1613388358117617
402480,300,0.162680896945204,0.1588784409313433
402696,200,0.1731273699748251,0.1599419822868128
402912,300,0.1621983745225651,0.1652766319813608
403128,200,0.1709076934327857,0.1629991021127252
403344,300,0.1610565074782011,0.1578766901092404
403560,200,0.174372683586205,0.1622537838202763
403776,300,0.1629359880311524,0.1565735686532779
403992,200,0.1658695230436745,0.1569826894821658
404208,300,0.1513021769564891,0.1576800150325648
404424,200,0.1695232654537882,0.1655851363589117
404640,300,0.1620070941226389,0.1529173854804421
404856,200,0.1708077963459681,0.1646530240571561
405072,300,0.1586223141580064,0.1603054438140226
405288,200,0.1696697981064255,0.165748836498754
405504,300,0.1664549737531795,0.1648443278089075
405720,200,0.1703868600578485,0.1601227504425501
405936,300,0.1587240641629071,0.1623367253330972
406152,200,0.1670943215688211,0.1599938076280084
406368,300,0.1621568294193459,0.1626251672778294
406584,200,0.1701768294069652,0.1663751672844368
406800,300,0.1624329449794666,0.164256600404521
407016,200,0.162581933441213,0.1621144695597921
407232,300,0.1607661911899718,0.1602099155667928
407448,200,0.1679713195652407,0.1611193735848428
407664,300,0.1523213150243032,0.1572116586200547
407880,200,0.1649929107202588,0.1585539191671482
408096,300,0.1612549564392833,0.1651287081814796
408312,200,0.1715076653609887,0.1654362803170415
408528,300,0.1643677123345792,0.1611585822479693
408744,200,0.164542481969032,0.1603700935552338
408960,300,0.1611647062118252,0.1579396977889132
409176,200,0.1607837781197603,0.166051396642986
409392,300,0.1602501675422657,0.1531388796243873
409608,200,0.1675404686609495,0.1561225479069251
409824,300,0.1617034384284394,0.1590034480645236
410040,200,0.1616837976139767,0.1557953033341113
410256,300,0.1623608068452663,0.1615528098262583
410472,200,0.1735519553650318,0.1579026382914282
410688,300,0.1600032054756327,0.1644042758217853
410904,200,0.1680227946546012,0.1615893594069966
411120,300,0.1608964652444605,0.1539677042032119
411336,200,0.1683739649158802,0.1640912980535376
411552,300,0.1626685907066951,0.165823554813341
411768,200,0.1712887510951896,0.1595298532639184
411984,300,0.1664672646532014,0.158690223200136
412200,200,0.1665095551095164,0.1585648476770094
412416,300,0.1525957804640468,0.1540358666031974
412632,200,0.1707158538968196,0.1625300157827297
412848,300,0.1627891416008435,0.1589435895988424
413064,200,0.1642780041885378,0.1566450816646613
413280,300,0.1659731126548288,0.1714673340622984
413496,200,0.1694523670983564,0.164757509151842
413712,300,0.150968503991728,0.15078939554362
413928,200,0.16653945122027,0.1587171898353735
414144,300,0.1637287826731054,0.1656417035317887
414360,200,0.1680397724311112,0.1593946516898784
414576,300,0.1532271546872805,0.1555653335145527
414792,200,0.1689828196662511,0.1591360262384479
415008,300,0.164441877876409,0.1636943715867605
415224,200,0.1735103654208653,0.1649700224286267
415440,300,0.1514938555047043,0.1553874688766868
415656,200,0.1674275306101628,0.1533563262968852
415872,300,0.1544603100682224,0.1525133315548413
416088,200,0.1736577201792731,0.1649179883775381
416304,300,0.1604809561033719,0.1567095209909812
416520,200,0.1688351489836103,0.1665190459464201
416736,300,0.163605086986307,0.1641064744668387
416952,200,0.165886553517766,0.1605920861866294
417168,300,0.1552996977219401,0.1576626678013492
417384,200,0.1687005201319876,0.1640861508850247
417600,300,0.1596122672249769,0.1583901358049687
417816,200,0.1748078852402345,0.1727174429294326
418032,300,0.1609743626961015,0.1502385832685677
418248,200,0.1621094312838625,0.1518880135933372
418464,300,0.1555769260419224,0.1605044651548116
418680,200,0.1641810511979028,0.152566392794622
418896,300,0.1608554717696765,0.1705805271662991
419112,200,0.1654245246746012,0.1656861058475817
419328,300,0.1500626704709464,0.1572104423846604
419544,200,0.169695658747881,0.1669906223858775
419760,300,0.1602753227099949,0.1686283653053011
419976,200,0.170654357681165,0.1652866025015288
420192,300,0.1611928903645364,0.1628879619885354
420408,200,0.1662537217557123,0.1565065967529199
420624,300,0.1581906543530896,0.1582504956388629
420840,200,0.1647321022780718,0.1639800235756232
421056,300,0.1623053413281079,0.1650294591137023
421272,200,0.1667693672961794,0.1638288420971717
421488,300,0.1508478165101262,0.1645514788285371
421704,200,0.1632362178761501,0.1544424063514668
421920,300,0.1613476306636354,0.1635706849815987
422136,200,0.1672018096716356,0.1559341382036804
422352,300,0.1521008372577792,0.1615727994155357
422568,200,0.1678762388475679,0.1560598099292501
422784,300,0.1607352348617266,0.1552197976202397
423000,200,0.1732356619593506,0.1552145214799057
423216,300,0.1574012704068605,0.1604796822565687
423432,200,0.1688084210444764,0.1623192335442571
423648,300,0.1528383122106268,0.1577801438386714
423864,200,0.1683452942961416,0.1583101283786387
424080,300,0.1613076150046788,0.157112924087271
424296,200,0.175170327719056,0.1617641250146366
424512,300,0.161850345168892,0.1591854897440582
424728,200,0.1662354620839424,0.160255455185322
424944,300,0.1576112830043664,0.1544081921048209
425160,200,0.1717009490599014,0.1634219859036819
425376,300,0.1573307782646817,0.156520810689619
425592,200,0.168018827544016,0.1511690446239219
425808,300,0.1622003297237888,0.1585504668640087
426024,200,0.1786464428232233,0.1673783819926974
426240,300,0.1642669665273565,0.1605666081425134
426456,200,0.1670458495003177,0.152415859651974
426672,300,0.1571835692615686,0.1625200635868997
426888,200,0.1725972556319032,0.1649651328451158
427104,300,0.1525310860418086,0.1554809122657232
427320,200,0.1678987439012207,0.1679770684541024
427536,300,0.157767973300495,0.1620637309088129
427752,200,0.1672271984114811,0.1617968966589213
427968,300,0.1616452164257935,0.1600959294926037
428184,200,0.1675228292335105,0.1613387896884998
428400,300,0.1576111571178612,0.1606279471774508
428616,200,0.1749372744541418,0.1646173210164297
428832,300,0.1591153892539061,0.1611213716038224
429048,200,0.1724313834344726,0.1600292574132082
429264,300,0.1577655866628106,0.1620746557967154
429480,200,0.1633969780315805,0.1602831795776728
429696,300,0.1561641823558878,0.1612053747491966
429912,200,0.174267347631471,0.1547544974245498
430128,300,0.1620415547489158,0.1641270892863084
430344,200,0.1703739711177589,0.1548470551391803
430560,300,0.1601411688691547,0.1551773305280395
430776,200,0.17314519679366,0.1680849752843541
430992,300,0.1605763171366331,0.1627708875550883
431208,200,0.1771563418989336,0.1673239842147208
431424,300,0.165562560326467,0.1627002406763313
431640,200,0.164319722021683,0.1515353571685593
431856,300,0.1611650092526333,0.1547317332735971
